"Ordinal","RelativePath","LengthBytes","CreationTimeUtc","LastWriteTimeUtc","Attributes","Sha256","Status","Error"
"1","Chronology\ENHANCED_CATALOGUE_ASSURANCE_PLAN.md","3832","2026-09-01T12:59:25.6311357Z","2026-09-01T12:59:25.6311357Z","Archive","9b2aa350f0358fb2158b599bee6fa2a1126e2dc10b897b4426f038dfa8fb7cc7","hashed",""
"2","Chronology\ENHANCED_CATALOGUE_GATE_REPORT.md","3635","2026-09-01T12:59:15.5275417Z","2026-09-01T12:59:15.5275417Z","Archive","a476a4d28c845a3254093003fc4820924bb2459254d0978de84aef7b9d1eff46","hashed",""
"3","Chronology\ENHANCED_CATALOGUE_IMPLEMENTATION_TEST.md","2859","2026-09-01T12:59:19.7777320Z","2026-09-01T12:59:19.7777320Z","Archive","892bd2dd7d1e7795e0f73e56fb08862b7795055f24db11eabad47c5ede821dea","hashed",""
"4","Chronology\EXPECTED session 18.yaml","8585","2026-09-02T10:46:33.5388561Z","2026-09-02T10:46:33.5404030Z","Archive","1e2a37994bfe2e0ba8fc772af286a7f543735461bd8838be42bf30219a96b4ca","hashed",""
"5","Chronology\EXPECTED.yaml","5144","2026-09-01T08:52:35.5827406Z","2026-09-01T12:35:19.6289399Z","Archive","d90acd8634749efc2b1aa84e64182eb37433e18d37d11249c4e8b6c3c67e64ef","hashed",""
"6","Chronology\EXTERNAL_WORKING_LOCATION_RECORD.md","1656","2026-09-01T13:07:23.8040386Z","2026-09-01T13:07:23.8040386Z","Archive","a3b89aa816c38a3b6dffc205cd1c43fa5382bbf162e2139edcd0a88a454b53cd","hashed",""
"7","Chronology\GUIDANCE_CLASSIFICATION.md","1218","2026-09-01T08:52:58.0490826Z","2026-09-01T08:52:58.0511095Z","Archive","ee24ae7ad8897a00ea644b70b57e253935d5c57ff1c1c6091b2b41e2e9231cda","hashed",""
"8","Chronology\METADATA_FIELD_CATALOGUE.md","6207","2026-09-01T12:42:30.2616156Z","2026-09-01T12:42:30.2645102Z","Archive","0c5ca098dc9d4ff212aae2eeb20c22c1c18725d490fb5d87e21403d78ff9f81c","hashed",""
"9","Chronology\METADATA_FUNCTION_AND_SCORECARD.md","6517","2026-09-01T12:42:35.3599678Z","2026-09-01T12:42:35.3623197Z","Archive","6a84ba0aa0d1f1604add928501cdfb06246dd4a1763437b2ad7f51c79ba02fc6","hashed",""
"10","Chronology\METADATA_ONLY_BOUNDARY.md","1759","2026-09-01T12:35:09.8235680Z","2026-09-01T12:35:09.8255785Z","Archive","aef81e0537e75d52005e8fb2284363cb84e8782901cb4749086baf4180a6655b","hashed",""
"11","Chronology\NON_EXPANSION_METADATA_ASSESSMENT.md","6542","2026-09-01T12:42:23.1515063Z","2026-09-01T12:42:23.1525105Z","Archive","26a8a6ae286c3c8346017cf6aaf5f312636def136567a1fb54ec8dc544560331","hashed",""
"12","Chronology\PRE_PILOT_RAG_REVIEW.md","13221","2026-09-01T13:15:23.8117000Z","2026-09-01T13:15:23.8127217Z","Archive","7f9beb1bb9155d785c6393b632d038052949ab227395c5c869662a427b71dfba","hashed",""
"13","Chronology\README.md","971","2026-09-01T13:05:36.6327469Z","2026-09-01T13:05:36.6327469Z","Archive","b807f76af961bda0cdb13423597074c902dcc2e5b03c61ff41ac7aecbe2011ec","hashed",""
"14","Chronology\WORKING_LOCATIONS_REGISTER.yaml","1252","2026-09-01T13:07:28.8966781Z","2026-09-01T13:07:28.8976808Z","Archive","63e1da5fe9e2d47b837bebdc881045e2ea5644145a5cea457c6ec17452ffd446","hashed",""
"15","DOSSIER_SPACE_ROOT\00_CONTROL\machine\LOCAL_CONFIG.yaml","443","2026-08-29T08:23:37.2521375Z","2026-09-01T13:05:33.4755833Z","Archive","d581276a381e6302a6027c3e0fe949dcc482a2274ab3fc00a61ad77aef1025af","hashed",""
"16","DOSSIER_SPACE_ROOT\01_RAW_CORPUS\EDRM ENRON pst files enrondata.org\edrm.enron.email.data.set.v2.xml\edrm-enron-v2_allen-p_xml.zip","889346061","2026-08-29T08:29:45.4394243Z","2026-07-04T19:42:37.7213298Z","Archive","c11b556568242a53adb08ae215a3cc863c1b81e6256582bfa2d3d5b3a2b16aea","hashed",""
"17","DOSSIER_SPACE_ROOT\01_RAW_CORPUS\EDRM ENRON pst files enrondata.org\edrm.enron.email.data.set.v2.xml\edrm-enron-v2_arnold-j_xml.zip","490663359","2026-08-29T08:30:33.1791455Z","2026-07-05T01:00:52.5842215Z","Archive","471764fd265f26ae9df0403369b6ea6aac0721ac3143ce9073314aab3985e0cb","hashed",""
"18","DOSSIER_SPACE_ROOT\01_RAW_CORPUS\EDRM ENRON pst files enrondata.org\edrm.enron.email.data.set.v2.xml\edrm-enron-v2_arora-h_xml.zip","44594541","2026-08-29T08:30:33.2948307Z","2026-07-04T13:54:41.9628140Z","Archive","a4833d3ecc329a47b3c525425f07ca15d449ef9322665b12098373472cf1af87","hashed",""
"19","DOSSIER_SPACE_ROOT\01_RAW_CORPUS\EDRM ENRON pst files enrondata.org\edrm.enron.email.data.set.v2.xml\edrm-enron-v2_badeer-r_xml.zip","127943799","2026-08-29T08:30:33.3078777Z","2026-07-04T19:38:20.2839162Z","Archive","5e93e64ee05b3ff8cca56b6c33779a76682834ace6ca35fb6473a2f6ff5ba802","hashed",""
"20","DOSSIER_SPACE_ROOT\01_RAW_CORPUS\EDRM ENRON pst files enrondata.org\edrm.enron.email.data.set.v2.xml\edrm-enron-v2_bailey-s_xml.zip","17260560","2026-08-29T08:30:33.3400390Z","2026-07-04T17:09:05.3872897Z","Archive","3723fc1ac7ce140639a15b9abd0852eddda001d811327d8f3312b9dc87de492d","hashed",""
"21","DOSSIER_SPACE_ROOT\01_RAW_CORPUS\EDRM ENRON pst files enrondata.org\edrm.enron.email.data.set.v2.xml\edrm-enron-v2_bass-e_xml.zip","450001563","2026-08-29T08:30:33.3470660Z","2026-07-05T00:30:19.6156533Z","Archive","87c999f1220a63c2d36a34a2b8e8b518748c7bbd4fce5dbb5b00d6df853b5906","hashed",""
"22","DOSSIER_SPACE_ROOT\01_RAW_CORPUS\EDRM ENRON pst files enrondata.org\edrm.enron.email.data.set.v2.xml\edrm-enron-v2_baughman-d_xml.zip","259415007","2026-08-29T08:30:33.4525235Z","2026-07-04T19:25:57.1248190Z","Archive","79bfaf554eb5019514c7508bb3fa5f2e9511feda034bf41617f49223ebf5138b","hashed",""
"23","DOSSIER_SPACE_ROOT\01_RAW_CORPUS\EDRM ENRON pst files enrondata.org\edrm.enron.email.data.set.v2.xml\edrm-enron-v2_beck-s_xml.zip","1873264813","2026-08-29T08:30:33.5700456Z","2026-07-05T01:08:38.7711280Z","Archive","186626815bb998318b42feb531611a9499f668b91e18e58a7f92ccb6aaaaaa4e","hashed",""
"24","DOSSIER_SPACE_ROOT\01_RAW_CORPUS\EDRM ENRON pst files enrondata.org\edrm.enron.email.data.set.v2.xml\edrm-enron-v2_benson-r_xml.zip","64577847","2026-08-29T08:30:37.0037925Z","2026-07-04T19:43:37.6237670Z","Archive","36af1698ddcdb97f38f8979fbb4f70e7dd3c14ad7899afeb425c695a02281fa0","hashed",""
"25","DOSSIER_SPACE_ROOT\01_RAW_CORPUS\EDRM ENRON pst files enrondata.org\edrm.enron.email.data.set.v2.xml\edrm-enron-v2_blair-l_xml.zip","87441882","2026-08-29T08:30:37.1273975Z","2026-07-04T19:37:23.0477481Z","Archive","fbdbb31eee5bd84fab0496cab4df6542818744d936297bf6b02ef4dc31b07f74","hashed",""
"26","DOSSIER_SPACE_ROOT\01_RAW_CORPUS\EDRM ENRON pst files enrondata.org\edrm.enron.email.data.set.v2.xml\edrm-enron-v2_brawner-s_xml.zip","56632959","2026-08-29T08:30:37.7967334Z","2026-07-04T19:01:15.1293660Z","Archive","3b3aa5ffba081851358c691853f73a17d57e3abd7f8370131543fe52c63f3fc3","hashed",""
"27","DOSSIER_SPACE_ROOT\01_RAW_CORPUS\EDRM ENRON pst files enrondata.org\edrm.enron.email.data.set.v2.xml\edrm-enron-v2_buy-r_xml.zip","272464809","2026-08-29T08:30:37.9092201Z","2026-07-05T01:08:53.6983531Z","Archive","0f7422188eae0b43e4560e52c30a5daf2fe38f2065c83ea6b52a911856db7f14","hashed",""
"28","DOSSIER_SPACE_ROOT\01_RAW_CORPUS\EDRM ENRON pst files enrondata.org\edrm.enron.email.data.set.v2.xml\edrm-enron-v2_campbell-l_xml.zip","576737388","2026-08-29T08:30:41.0197079Z","2026-07-05T01:02:39.2326198Z","Archive","6bc1dff570a8e44e5682710c047b8f7adac4205f6e1ee017eb510a0f02755860","hashed",""
"29","DOSSIER_SPACE_ROOT\01_RAW_CORPUS\EDRM ENRON pst files enrondata.org\edrm.enron.email.data.set.v2.xml\edrm-enron-v2_carson-m_xml.zip","44536173","2026-08-29T08:30:42.0855985Z","2026-07-04T19:07:13.7019233Z","Archive","067c270a6fc42d2c8f38e97fa3de4bac9f126c9347a2c9f951494695b0b876e1","hashed",""
"30","DOSSIER_SPACE_ROOT\01_RAW_CORPUS\EDRM ENRON pst files enrondata.org\edrm.enron.email.data.set.v2.xml\edrm-enron-v2_cash-m_xml.zip","133295320","2026-08-29T08:30:42.1737195Z","2026-07-04T19:42:35.3081424Z","Archive","0b9625569eea80173ad62dfc1e86257616135fa961e93b866b0d33b0b3082bb2","hashed",""
"31","DOSSIER_SPACE_ROOT\01_RAW_CORPUS\EDRM ENRON pst files enrondata.org\edrm.enron.email.data.set.v2.xml\edrm-enron-v2_causholli-m_xml.zip","142681628","2026-08-29T08:30:42.4258152Z","2026-07-04T19:40:19.0169588Z","Archive","371dd0ae30f6e4cc378bdabd9634a51341228bd244f9e98e78ac5982a21f0ae7","hashed",""
"32","DOSSIER_SPACE_ROOT\01_RAW_CORPUS\EDRM ENRON pst files enrondata.org\edrm.enron.email.data.set.v2.xml\edrm-enron-v2_corman-s_xml.zip","78069175","2026-08-29T08:30:42.6935112Z","2026-07-04T19:39:28.5787844Z","Archive","3b1c5c98865db5a3766c77afd88cd86f82d5f4d29964162aae5c665996e6473d","hashed",""
"33","DOSSIER_SPACE_ROOT\01_RAW_CORPUS\EDRM ENRON pst files enrondata.org\edrm.enron.email.data.set.v2.xml\edrm-enron-v2_crandall-s_xml.zip","55215344","2026-08-29T08:30:42.8451488Z","2026-07-04T18:45:24.0282369Z","Archive","0582e212f79071ad4ca039c9683e20ccb55c900617da1f81124a73a861a82a59","hashed",""
"34","DOSSIER_SPACE_ROOT\01_RAW_CORPUS\EDRM ENRON pst files enrondata.org\edrm.enron.email.data.set.v2.xml\edrm-enron-v2_cuilla-m_xml.zip","57626649","2026-08-29T08:30:44.0397592Z","2026-07-05T00:56:34.9379319Z","Archive","7295472ceb7f5bcca0e18c936449d57286e798bd6b6955b05120ec7f4228c38a","hashed",""
"35","DOSSIER_SPACE_ROOT\01_RAW_CORPUS\EDRM ENRON pst files enrondata.org\edrm.enron.email.data.set.v2.xml\edrm-enron-v2_dasovich-j_xml.zip","3987955738","2026-08-29T08:30:44.1529956Z","2026-07-05T01:09:40.5285530Z","Archive","f89f9fb374a61debbef1dc0f001b62e2c5ba35fd241def674eeac0900e1dda4d","hashed",""
"36","DOSSIER_SPACE_ROOT\01_RAW_CORPUS\EDRM ENRON pst files enrondata.org\edrm.enron.email.data.set.v2.xml\edrm-enron-v2_davis-d_xml.zip","524335598","2026-08-29T08:34:00.7095563Z","2026-07-04T19:40:40.2335819Z","Archive","3e3c0e6eb6a74c761ba1541bcc51ae84652a2bb8690a2d55fd62d0858fd9d167","hashed",""
"37","DOSSIER_SPACE_ROOT\01_RAW_CORPUS\EDRM ENRON pst files enrondata.org\edrm.enron.email.data.set.v2.xml\edrm-enron-v2_dean-c_xml.zip","203515004","2026-08-29T08:34:01.7236089Z","2026-07-04T15:32:18.4803038Z","Archive","3ecee5667244645c97ddf7ea7002822a105f21c1b2ea3ea4faaff8cbff138ccc","hashed",""
"38","DOSSIER_SPACE_ROOT\01_RAW_CORPUS\EDRM ENRON pst files enrondata.org\edrm.enron.email.data.set.v2.xml\edrm-enron-v2_dean-c2_xml.zip","21942092","2026-08-29T08:34:01.6770752Z","2026-07-04T18:49:55.2597618Z","Archive","22a056c7a0e28f04740d18a5256b48f25de2c20072303ae6aaaece47705036e4","hashed",""
"39","DOSSIER_SPACE_ROOT\01_RAW_CORPUS\EDRM ENRON pst files enrondata.org\edrm.enron.email.data.set.v2.xml\edrm-enron-v2_delainey-d_xml.zip","184500353","2026-08-29T08:34:02.1014769Z","2026-07-04T19:32:00.7577171Z","Archive","8438b4d51991cf645b53e76623342f577d4a0b0a982dec4347c92df4571a3f58","hashed",""
"40","DOSSIER_SPACE_ROOT\01_RAW_CORPUS\EDRM ENRON pst files enrondata.org\edrm.enron.email.data.set.v2.xml\edrm-enron-v2_derrick-j_xml.zip","99962258","2026-08-29T08:34:02.4459038Z","2026-07-05T01:04:42.0721604Z","Archive","58518704c57c67b48726dc7d26656fd45e718293a3847a3b698ceb9a068f775a","hashed",""
"41","DOSSIER_SPACE_ROOT\01_RAW_CORPUS\EDRM ENRON pst files enrondata.org\edrm.enron.email.data.set.v2.xml\edrm-enron-v2_dickson-s_xml.zip","43896359","2026-08-29T08:34:02.6341902Z","2026-07-04T19:26:27.5849283Z","Archive","712c0c3707b097ea86e889e229dcf3d5ec13e6cec431a290be535c5adb2c191c","hashed",""
"42","DOSSIER_SPACE_ROOT\01_RAW_CORPUS\EDRM ENRON pst files enrondata.org\edrm.enron.email.data.set.v2.xml\edrm-enron-v2_donoho-l_xml.zip","47112653","2026-08-29T08:34:02.7749140Z","2026-07-04T18:30:02.4787481Z","Archive","b5b0be012da38d060308d8a28cec6c22450c27187aff89ab0b673fb4d4d1bc71","hashed",""
"43","DOSSIER_SPACE_ROOT\01_RAW_CORPUS\EDRM ENRON pst files enrondata.org\edrm.enron.email.data.set.v2.xml\edrm-enron-v2_donohoe-t_xml.zip","107874895","2026-08-29T08:34:02.8690162Z","2026-07-05T00:58:44.6260242Z","Archive","6dd72ff12b6c2beaf3c43acf4ca66563443983f2faf9408d303d285d9ab7b0d3","hashed",""
"44","DOSSIER_SPACE_ROOT\01_RAW_CORPUS\EDRM ENRON pst files enrondata.org\edrm.enron.email.data.set.v2.xml\edrm-enron-v2_dorland-c_xml.zip","960364365","2026-08-29T08:34:03.0734511Z","2026-07-05T01:09:08.6606163Z","Archive","366f967b694dde3926e23af41999b9346617f59d8b9bfff7a3eba3ac5a7780db","hashed",""
"45","DOSSIER_SPACE_ROOT\01_RAW_CORPUS\EDRM ENRON pst files enrondata.org\edrm.enron.email.data.set.v2.xml\edrm-enron-v2_ermis-f_xml.zip","118711096","2026-08-29T08:34:04.8378479Z","2026-07-04T15:32:36.0398546Z","Archive","3933ffd2d91bc9d7c7a96dd3f5692ea1206000a5921b123ef241abad1b82993a","hashed",""
"46","DOSSIER_SPACE_ROOT\01_RAW_CORPUS\EDRM ENRON pst files enrondata.org\edrm.enron.email.data.set.v2.xml\edrm-enron-v2_farmer-d_xml.zip","765165147","2026-08-29T08:34:05.0899500Z","2026-07-05T01:09:34.8562057Z","Archive","9a578c3761b51eb1b459dde4be795b525ae7beb7c19aa0df5b989c4013a27ab3","hashed",""
"47","DOSSIER_SPACE_ROOT\01_RAW_CORPUS\EDRM ENRON pst files enrondata.org\edrm.enron.email.data.set.v2.xml\edrm-enron-v2_fischer-m_xml.zip","252288398","2026-08-29T08:36:09.2070804Z","2026-07-04T19:43:54.1231961Z","Archive","d4e017c932ab5cf19bbd855ebec7d1dd69ce0f93456b59b2c7634f0c069eda48","hashed",""
"48","DOSSIER_SPACE_ROOT\01_RAW_CORPUS\EDRM ENRON pst files enrondata.org\edrm.enron.email.data.set.v2.xml\edrm-enron-v2_fischer-m2_xml.zip","37965636","2026-08-29T08:36:09.1322925Z","2026-07-04T18:40:08.0509295Z","Archive","018897393d1f2d737b7e3b24c6a9a350efad4a7e6607fa192725483db6960f4e","hashed",""
"49","DOSSIER_SPACE_ROOT\01_RAW_CORPUS\EDRM ENRON pst files enrondata.org\edrm.enron.email.data.set.v2.xml\edrm-enron-v2_forney-j_xml.zip","33194890","2026-08-29T08:36:09.6777265Z","2026-07-04T19:35:03.2900378Z","Archive","3345365e5fefdeef93c9763d4b1ca321debf2225387dfd0ade5010203ac52a14","hashed",""
"50","DOSSIER_SPACE_ROOT\01_RAW_CORPUS\EDRM ENRON pst files enrondata.org\edrm.enron.email.data.set.v2.xml\edrm-enron-v2_fossum-d_xml.zip","239818429","2026-08-29T08:36:09.7440856Z","2026-07-04T19:42:41.8045790Z","Archive","8428247f584f0b2f13eb02ceace4d8cca7f71adb68cc56e08810b9e2032cf2ef","hashed",""
"51","DOSSIER_SPACE_ROOT\01_RAW_CORPUS\EDRM ENRON pst files enrondata.org\edrm.enron.email.data.set.v2.xml\edrm-enron-v2_gang-l_xml.zip","49259531","2026-08-29T08:36:10.1883439Z","2026-07-04T19:40:42.7616530Z","Archive","71b5c62ff8b6c3fae178eb4ada7edf034f40b92ad3950ea3edcdc02fc60bf48b","hashed",""
"52","DOSSIER_SPACE_ROOT\01_RAW_CORPUS\EDRM ENRON pst files enrondata.org\edrm.enron.email.data.set.v2.xml\edrm-enron-v2_gay-r_xml.zip","244076638","2026-08-29T08:36:10.2841177Z","2026-07-04T15:16:11.0749883Z","Archive","e9ec49200fe0a60004551287b0fde4dfa7cf6fc9332f3dcd64f1c35aa1bd0cb1","hashed",""
"53","DOSSIER_SPACE_ROOT\01_RAW_CORPUS\EDRM ENRON pst files enrondata.org\edrm.enron.email.data.set.v2.xml\edrm-enron-v2_geaccone-t_xml.zip","106286998","2026-08-29T08:36:10.7366017Z","2026-07-05T00:14:30.6995401Z","Archive","7b3bda25d13a96d7c71dd9c5eaebae2be590659323f8aa7bfa9c216729443e76","hashed",""
"54","DOSSIER_SPACE_ROOT\01_RAW_CORPUS\EDRM ENRON pst files enrondata.org\edrm.enron.email.data.set.v2.xml\edrm-enron-v2_germany-c_xml.zip","471398722","2026-08-29T08:36:10.9405170Z","2026-07-05T01:07:55.2896854Z","Archive","fa8f343d4b18788adec3e65c269ba6af233cacc309e026b317805a3e5e148708","hashed",""
"55","DOSSIER_SPACE_ROOT\01_RAW_CORPUS\EDRM ENRON pst files enrondata.org\edrm.enron.email.data.set.v2.xml\edrm-enron-v2_gilbertsmith-d_xml.zip","63844125","2026-08-29T08:36:11.8090993Z","2026-07-05T00:02:18.1902355Z","Archive","1569b104a4be704c0c908bd1c9812946f7ff0bd16ba729f62846a6248674d98f","hashed",""
"56","DOSSIER_SPACE_ROOT\01_RAW_CORPUS\EDRM ENRON pst files enrondata.org\edrm.enron.email.data.set.v2.xml\edrm-enron-v2_giron-d_xml.zip","972164351","2026-08-29T08:36:11.9320211Z","2026-07-05T01:08:36.8961051Z","Archive","24af4b965f732ca97614f4008dabac49187915278aa9b43d26d4284a5ae3a368","hashed",""
"57","DOSSIER_SPACE_ROOT\01_RAW_CORPUS\EDRM ENRON pst files enrondata.org\edrm.enron.email.data.set.v2.xml\edrm-enron-v2_griffith-j_xml.zip","434680674","2026-08-29T08:36:13.7374802Z","2026-07-04T23:29:18.5756629Z","Archive","d845faf31631005671e24524d2a1d1f57fd8a78cc468fb70dd4311da189913fc","hashed",""
"58","DOSSIER_SPACE_ROOT\01_RAW_CORPUS\EDRM ENRON pst files enrondata.org\edrm.enron.email.data.set.v2.xml\edrm-enron-v2_grigsby-m_xml.zip","355567859","2026-08-29T08:36:15.7344264Z","2026-07-04T19:41:06.6588297Z","Archive","9202e8cefd2e86148056a3dee76b155c2aff15da3d0b94d898ce9e43612f764b","hashed",""
"59","DOSSIER_SPACE_ROOT\01_RAW_CORPUS\EDRM ENRON pst files enrondata.org\edrm.enron.email.data.set.v2.xml\edrm-enron-v2_guzman-m_xml.zip","161944903","2026-08-29T08:36:16.4084436Z","2026-07-04T19:39:55.8623487Z","Archive","53e788ff036f9744a27bce9c79490288ab393d9754301ec77fdc7b465877edbe","hashed",""
"60","DOSSIER_SPACE_ROOT\01_RAW_CORPUS\EDRM ENRON pst files enrondata.org\edrm.enron.email.data.set.v2.xml\edrm-enron-v2_haedicke-m_xml.zip","646360536","2026-08-29T08:38:19.4559622Z","2026-07-04T19:43:28.3428571Z","Archive","5f2b52adea6183c0781015795d4964195cffac9e0b252057fedf1b9a2dbaf054","hashed",""
"61","DOSSIER_SPACE_ROOT\01_RAW_CORPUS\EDRM ENRON pst files enrondata.org\edrm.enron.email.data.set.v2.xml\edrm-enron-v2_hain-m_xml.zip","303475278","2026-08-29T08:38:20.6482278Z","2026-07-05T01:09:31.5345432Z","Archive","0cd865fc7e0cb486db4e1751309f4763b5a72c3b62359306f74d31941a0f7335","hashed",""
"62","DOSSIER_SPACE_ROOT\01_RAW_CORPUS\EDRM ENRON pst files enrondata.org\edrm.enron.email.data.set.v2.xml\edrm-enron-v2_harris-s_xml.zip","6027493","2026-08-29T08:38:21.3648801Z","2026-07-04T16:38:05.3565763Z","Archive","11d929aef4d15114c54cf134d6f84d7ae798fb5d29ca819c26f1be7d2a2cd9df","hashed",""
"63","DOSSIER_SPACE_ROOT\01_RAW_CORPUS\EDRM ENRON pst files enrondata.org\edrm.enron.email.data.set.v2.xml\edrm-enron-v2_hayslett-r_xml.zip","129012407","2026-08-29T08:38:21.3829213Z","2026-07-04T19:22:28.2370489Z","Archive","923cfe086b1f53a95c7ac2adae609892d07699f9149095557ff4049d7e11e38f","hashed",""
"64","DOSSIER_SPACE_ROOT\01_RAW_CORPUS\EDRM ENRON pst files enrondata.org\edrm.enron.email.data.set.v2.xml\edrm-enron-v2_heard-m_xml.zip","85256413","2026-08-29T08:38:21.6272638Z","2026-07-05T00:49:50.0370855Z","Archive","68236bdc4f884360c427764d6f079138b21c1af64dac6460ea18e097b91c8313","hashed",""
"65","DOSSIER_SPACE_ROOT\01_RAW_CORPUS\EDRM ENRON pst files enrondata.org\edrm.enron.email.data.set.v2.xml\edrm-enron-v2_hendrickson-s_xml.zip","25774051","2026-08-29T08:38:21.7889785Z","2026-07-04T19:10:32.2625462Z","Archive","a15e4506194a2e78bc6999a523e500363afcf7a7e7f5ef3442bf37f3e48bdc3c","hashed",""
"66","DOSSIER_SPACE_ROOT\01_RAW_CORPUS\EDRM ENRON pst files enrondata.org\edrm.enron.email.data.set.v2.xml\edrm-enron-v2_hernandez-j_xml.zip","230800338","2026-08-29T08:38:21.8424681Z","2026-07-04T14:12:41.9348860Z","Archive","6c4d137e337fc89cbfb9a0e400e68599535e5e6eca600dcec375afccd9a280c6","hashed",""
"67","DOSSIER_SPACE_ROOT\01_RAW_CORPUS\EDRM ENRON pst files enrondata.org\edrm.enron.email.data.set.v2.xml\edrm-enron-v2_hodge-j_xml.zip","70057424","2026-08-29T08:38:22.3762687Z","2026-07-04T19:40:46.8568328Z","Archive","d9a0f44eb246dd353d28ac576be1e65c0c9ecdbf8bc0a6e4bb0c9389a4bcce82","hashed",""
"68","DOSSIER_SPACE_ROOT\01_RAW_CORPUS\EDRM ENRON pst files enrondata.org\edrm.enron.email.data.set.v2.xml\edrm-enron-v2_hodge-j2_xml.zip","46841813","2026-08-29T08:38:22.2707642Z","2026-07-04T19:39:17.2621512Z","Archive","31a211355ee6841c04e40eeb34898234b666e84e6dfa8595d7da0543c716b1ad","hashed",""
"69","DOSSIER_SPACE_ROOT\01_RAW_CORPUS\EDRM ENRON pst files enrondata.org\edrm.enron.email.data.set.v2.xml\edrm-enron-v2_holst-k_xml.zip","43070243","2026-08-29T08:38:22.5157279Z","2026-07-04T18:50:35.0745872Z","Archive","dda806d24158f202534e878dea910e7fab0398ac782c8236d719b19b615e70ee","hashed",""
"70","DOSSIER_SPACE_ROOT\01_RAW_CORPUS\EDRM ENRON pst files enrondata.org\edrm.enron.email.data.set.v2.xml\edrm-enron-v2_horton-s_xml.zip","126784336","2026-08-29T08:38:23.4364685Z","2026-07-04T19:24:08.5185175Z","Archive","804e0b4664ca1cc2b0e0ecd57d051b6099023abe3ea904ab0eec110c578aae83","hashed",""
"71","DOSSIER_SPACE_ROOT\01_RAW_CORPUS\EDRM ENRON pst files enrondata.org\edrm.enron.email.data.set.v2.xml\edrm-enron-v2_hyatt-k_xml.zip","154232340","2026-08-29T08:38:23.6776436Z","2026-07-04T19:38:02.3019982Z","Archive","bd88925e7b39081c88b79bf0462bfacb32814add3ac05a0d372ab7458c6bf376","hashed",""
"72","DOSSIER_SPACE_ROOT\01_RAW_CORPUS\EDRM ENRON pst files enrondata.org\edrm.enron.email.data.set.v2.xml\edrm-enron-v2_hyvl-d_xml.zip","344582300","2026-08-29T08:38:24.2280094Z","2026-07-04T19:42:26.9259633Z","Archive","30372c23a437c042e216472324a56d1c4762355883acabe4a95fdd94535c8069","hashed",""
"73","DOSSIER_SPACE_ROOT\01_RAW_CORPUS\EDRM ENRON pst files enrondata.org\edrm.enron.email.data.set.v2.xml\edrm-enron-v2_jones-t_xml.zip","1433832722","2026-08-29T08:38:25.9144007Z","2026-07-04T15:34:01.8531998Z","Archive","31c49cedf52fe7d32ded8730084091ad78785d4364721c51f1eb6d1aca08c224","hashed",""
"74","DOSSIER_SPACE_ROOT\01_RAW_CORPUS\EDRM ENRON pst files enrondata.org\edrm.enron.email.data.set.v2.xml\edrm-enron-v2_kaminski-v_xml_1of2.zip","4114600777","2026-08-29T08:40:33.8326560Z","2026-07-05T01:08:49.9722690Z","Archive","e44c0b6e48ab27113268b6d6dab986c2383cdce06996bba2d9d6091b7a4c3712","hashed",""
"75","DOSSIER_SPACE_ROOT\01_RAW_CORPUS\EDRM ENRON pst files enrondata.org\edrm.enron.email.data.set.v2.xml\edrm-enron-v2_kaminski-v_xml_2of2.zip","3298792295","2026-08-29T08:42:52.2810827Z","2026-07-05T01:09:48.0202601Z","Archive","8cf248cdca0dcb1970f6f1090b29d956be1c2626d7b6d701f06cd349ec0cf23d","hashed",""
"76","DOSSIER_SPACE_ROOT\01_RAW_CORPUS\EDRM ENRON pst files enrondata.org\edrm.enron.email.data.set.v2.xml\edrm-enron-v2_kean-s_xml_1of8.zip","3366510249","2026-08-29T08:44:59.8648125Z","2026-07-05T01:09:46.1471300Z","Archive","865f37d9c19434a93d71910f275b5b94a91a46a4ac57aa48df0bf9612acf2ba0","hashed",""
"77","DOSSIER_SPACE_ROOT\01_RAW_CORPUS\EDRM ENRON pst files enrondata.org\edrm.enron.email.data.set.v2.xml\edrm-enron-v2_kean-s_xml_2of8.zip","3541527437","2026-08-29T08:47:10.3870273Z","2026-07-05T01:09:06.7868379Z","Archive","c463c2dfb02adff73e2846bb34b35458530363e9f0940b394e7a8b6211b21260","hashed",""
"78","DOSSIER_SPACE_ROOT\01_RAW_CORPUS\EDRM ENRON pst files enrondata.org\edrm.enron.email.data.set.v2.xml\edrm-enron-v2_kean-s_xml_3of8.zip","2278919986","2026-08-29T08:49:20.9163296Z","2026-07-05T01:09:14.2510354Z","Archive","ab2424401948484c08a248a57ccce24f7f995446a8e2855a68343c78aa9da9d2","hashed",""
"79","DOSSIER_SPACE_ROOT\01_RAW_CORPUS\EDRM ENRON pst files enrondata.org\edrm.enron.email.data.set.v2.xml\edrm-enron-v2_kean-s_xml_4of8.zip","3143957518","2026-08-29T08:51:21.0286282Z","2026-07-05T01:09:42.4667829Z","Archive","5fb65497c61a8f034a7e3884feff45f1679ea983676a0444b39d91d6b18cc73b","hashed",""
"80","DOSSIER_SPACE_ROOT\01_RAW_CORPUS\EDRM ENRON pst files enrondata.org\edrm.enron.email.data.set.v2.xml\edrm-enron-v2_kean-s_xml_5of8.zip","2935430868","2026-08-29T08:53:30.3839149Z","2026-07-05T01:09:29.2111171Z","Archive","a567a648e4b348bfaa123d37b1e2cc973db424306fccec452ef632945434be69","hashed",""
"81","DOSSIER_SPACE_ROOT\01_RAW_CORPUS\EDRM ENRON pst files enrondata.org\edrm.enron.email.data.set.v2.xml\edrm-enron-v2_kean-s_xml_6of8.zip","1839033325","2026-08-29T08:55:37.6670044Z","2026-07-05T01:09:21.7524177Z","Archive","6d231a3c35f10a9b3d65c401a5ed01c4c9cb4d7a0eecfeb0997e95fb492fc395","hashed",""
"82","DOSSIER_SPACE_ROOT\01_RAW_CORPUS\EDRM ENRON pst files enrondata.org\edrm.enron.email.data.set.v2.xml\edrm-enron-v2_kean-s_xml_7of8.zip","3245248519","2026-08-29T08:55:53.4963310Z","2026-07-05T01:07:57.2236652Z","Archive","54c33580c767a29a1ac51dd40bedf6b613bf7297980f4ed26ed77f68d96c3163","hashed",""
"83","DOSSIER_SPACE_ROOT\01_RAW_CORPUS\EDRM ENRON pst files enrondata.org\edrm.enron.email.data.set.v2.xml\edrm-enron-v2_kean-s_xml_8of8.zip","2327652926","2026-08-29T08:57:54.0987617Z","2026-07-05T01:09:18.0010909Z","Archive","850693d9500e259e2fc49210c1bbaf6ab440db253890dbfb0bd81272b5eb3e26","hashed",""
"84","DOSSIER_SPACE_ROOT\01_RAW_CORPUS\EDRM ENRON pst files enrondata.org\edrm.enron.email.data.set.v2.xml\edrm-enron-v2_keavey-p_xml.zip","76674843","2026-08-29T08:59:59.3266932Z","2026-07-05T00:23:23.0845373Z","Archive","faf81dea5d7dc855db05502200caac1dd2ece870b97aca2d0a832bc305feab04","hashed",""
"85","DOSSIER_SPACE_ROOT\01_RAW_CORPUS\EDRM ENRON pst files enrondata.org\edrm.enron.email.data.set.v2.xml\edrm-enron-v2_keiser-k_xml.zip","107503893","2026-08-29T08:59:59.4762657Z","2026-07-05T00:48:30.4248687Z","Archive","623e91d24997c61e89e3601dfe975b2c505ca5374e1dd69fbf8a0f94f612fb48","hashed",""
"86","DOSSIER_SPACE_ROOT\01_RAW_CORPUS\EDRM ENRON pst files enrondata.org\edrm.enron.email.data.set.v2.xml\edrm-enron-v2_king-j_xml.zip","19867684","2026-08-29T09:00:57.9142380Z","2026-07-04T19:40:16.9200823Z","Archive","c31d529a5e5433d1c7ba163a81f66ff138f7b170acfab3f1884141a67f40a881","hashed",""
"87","DOSSIER_SPACE_ROOT\01_RAW_CORPUS\EDRM ENRON pst files enrondata.org\edrm.enron.email.data.set.v2.xml\edrm-enron-v2_kitchen-l_xml.zip","561667469","2026-08-29T09:00:57.9577120Z","2026-07-05T01:08:55.5654021Z","Archive","d0b1b9ab9e48baa28b95aaaa4b30272d3d5b19441b4f9c0bdec1202153f9f7c7","hashed",""
"88","DOSSIER_SPACE_ROOT\01_RAW_CORPUS\EDRM ENRON pst files enrondata.org\edrm.enron.email.data.set.v2.xml\edrm-enron-v2_kuykendall-t_xml.zip","89629860","2026-08-29T09:00:58.9983128Z","2026-07-04T19:39:40.9981787Z","Archive","4f4b7389a8a9819c365dc3c1d8541828bd4f025ad367b6cb2e160de654231aee","hashed",""
"89","DOSSIER_SPACE_ROOT\01_RAW_CORPUS\EDRM ENRON pst files enrondata.org\edrm.enron.email.data.set.v2.xml\edrm-enron-v2_lavorato-j_xml.zip","864434617","2026-08-29T09:00:59.1766668Z","2026-07-05T01:08:31.2576079Z","Archive","d875b8b939f120562cd403d6e37482bb83bd6cd18344ec73f20357389aafe4d4","hashed",""
"90","DOSSIER_SPACE_ROOT\01_RAW_CORPUS\EDRM ENRON pst files enrondata.org\edrm.enron.email.data.set.v2.xml\edrm-enron-v2_lay-k_xml.zip","263547355","2026-08-29T09:01:20.6442929Z","2026-07-05T01:02:37.3676974Z","Archive","f026061fe0a95b47e28cd370fef4e8dc205a3186053b0d821984da8dbbb9bdc5","hashed",""
"91","DOSSIER_SPACE_ROOT\01_RAW_CORPUS\EDRM ENRON pst files enrondata.org\edrm.enron.email.data.set.v2.xml\edrm-enron-v2_lenhart-m_xml.zip","2527948698","2026-08-29T09:02:02.5209234Z","2026-07-05T01:08:00.9959305Z","Archive","fa9306085e220cff9a845b9b15eff4f3097f3ba04d5579a609c225d69977bd35","hashed",""
"92","DOSSIER_SPACE_ROOT\01_RAW_CORPUS\EDRM ENRON pst files enrondata.org\edrm.enron.email.data.set.v2.xml\edrm-enron-v2_lewis-a_xml.zip","114201459","2026-08-29T09:04:08.4425590Z","2026-07-05T00:10:26.3620528Z","Archive","60e3b637e3d1874daf32d2c7593ce24780440be9819ed66099db7f011c0c333e","hashed",""
"93","DOSSIER_SPACE_ROOT\01_RAW_CORPUS\EDRM ENRON pst files enrondata.org\edrm.enron.email.data.set.v2.xml\edrm-enron-v2_linder-e_xml.zip","59278006","2026-08-29T09:04:08.6573429Z","2026-07-04T19:13:14.6540155Z","Archive","9ef38ddd7b0adea033e0d77d0fb22eea7d8ccff44627650807b773089fd21100","hashed",""
"94","DOSSIER_SPACE_ROOT\01_RAW_CORPUS\EDRM ENRON pst files enrondata.org\edrm.enron.email.data.set.v2.xml\edrm-enron-v2_lokay-m_xml.zip","385972362","2026-08-29T09:04:08.7747215Z","2026-07-04T19:43:32.8908564Z","Archive","2c34029f3733a18147de4e666e38dc9b2e32a1545cca512f2afab1e331e16712","hashed",""
"95","DOSSIER_SPACE_ROOT\01_RAW_CORPUS\EDRM ENRON pst files enrondata.org\edrm.enron.email.data.set.v2.xml\edrm-enron-v2_lokey-t_xml.zip","40772159","2026-08-29T09:04:09.4887616Z","2026-07-04T15:10:30.6168846Z","Archive","aee0132694923486adc5a4ee43e639c017ef71386a30991b91ff8cc019528f00","hashed",""
"96","DOSSIER_SPACE_ROOT\01_RAW_CORPUS\EDRM ENRON pst files enrondata.org\edrm.enron.email.data.set.v2.xml\edrm-enron-v2_love-p_xml.zip","766792461","2026-08-29T09:04:09.5715362Z","2026-07-05T01:07:53.3991751Z","Archive","aad47c41a7cb3e16ed4b6694e582f5ef561d8b55bbd93fddf6903d850fa19929","hashed",""
"97","DOSSIER_SPACE_ROOT\01_RAW_CORPUS\EDRM ENRON pst files enrondata.org\edrm.enron.email.data.set.v2.xml\edrm-enron-v2_lucci-p_xml.zip","65605662","2026-08-29T09:04:10.9920127Z","2026-07-04T15:33:17.1780896Z","Archive","51809958757a50ad04a527a481476f64c08a058e3631ad805bccdcd2f8ec6f3b","hashed",""
"98","DOSSIER_SPACE_ROOT\01_RAW_CORPUS\EDRM ENRON pst files enrondata.org\edrm.enron.email.data.set.v2.xml\edrm-enron-v2_maggi-m_xml.zip","65449857","2026-08-29T09:04:11.1185267Z","2026-07-04T18:54:24.0428290Z","Archive","42c77c79a62607a273d99eb5c1c015ef40f8bec6649a33a77b9092683c591743","hashed",""
"99","DOSSIER_SPACE_ROOT\01_RAW_CORPUS\EDRM ENRON pst files enrondata.org\edrm.enron.email.data.set.v2.xml\edrm-enron-v2_mann-k_xml.zip","2840813630","2026-08-29T09:04:11.2433791Z","2026-07-05T01:09:32.9621167Z","Archive","8c9003598430d9d613e8bfa7a0044385dd9adb21d7300491b0f80176deaff5aa","hashed",""
"100","DOSSIER_SPACE_ROOT\01_RAW_CORPUS\EDRM ENRON pst files enrondata.org\edrm.enron.email.data.set.v2.xml\edrm-enron-v2_martin-t_xml.zip","76697705","2026-08-29T09:06:22.8059091Z","2026-07-05T00:28:34.7372337Z","Archive","5fbad6e50388c326c64a53a622dfc89509449fa0b3d2fb9878552f0a20194481","hashed",""
"101","DOSSIER_SPACE_ROOT\01_RAW_CORPUS\EDRM ENRON pst files enrondata.org\edrm.enron.email.data.set.v2.xml\edrm-enron-v2_may-l_xml.zip","242013348","2026-08-29T09:06:22.9542169Z","2026-07-05T00:18:17.4730524Z","Archive","cb954c5023bf3034191cf96e6ea426509967940d1712181674ae2932f395ba09","hashed",""
"102","DOSSIER_SPACE_ROOT\01_RAW_CORPUS\EDRM ENRON pst files enrondata.org\edrm.enron.email.data.set.v2.xml\edrm-enron-v2_mccarty-d_xml.zip","38687656","2026-08-29T09:06:24.3758537Z","2026-07-04T19:20:53.6031683Z","Archive","9158d0b5933df63d095550857f3d6beaa980b3927e97005cb5d23524067b2ac5","hashed",""
"103","DOSSIER_SPACE_ROOT\01_RAW_CORPUS\EDRM ENRON pst files enrondata.org\edrm.enron.email.data.set.v2.xml\edrm-enron-v2_mcconnell-m_xml.zip","774902377","2026-08-29T09:06:24.4550037Z","2026-07-04T19:42:12.3600273Z","Archive","9772d274b0d6a030c3fd2d94e66aa1f430bb1f124b523ca1ebcde6ac184fab87","hashed",""
"104","DOSSIER_SPACE_ROOT\01_RAW_CORPUS\EDRM ENRON pst files enrondata.org\edrm.enron.email.data.set.v2.xml\edrm-enron-v2_mckay-b_xml.zip","40681287","2026-08-29T09:07:21.9073553Z","2026-07-05T00:31:35.4316665Z","Archive","353538684e571b6dd58ce8340262467d6c427f0a829e3e343b968bb6004e3c9e","hashed",""
"105","DOSSIER_SPACE_ROOT\01_RAW_CORPUS\EDRM ENRON pst files enrondata.org\edrm.enron.email.data.set.v2.xml\edrm-enron-v2_mckay-j_xml.zip","193333079","2026-08-29T09:07:21.9868816Z","2026-07-04T14:12:53.9019012Z","Archive","d988a44393b0e136357d8ac25e302ef32f9ae29e73f3da774c19d0dad808e801","hashed",""
"106","DOSSIER_SPACE_ROOT\01_RAW_CORPUS\EDRM ENRON pst files enrondata.org\edrm.enron.email.data.set.v2.xml\edrm-enron-v2_mclaughlin-e_xml.zip","277121184","2026-08-29T09:07:22.3491550Z","2026-07-04T19:43:30.8551352Z","Archive","32b7274ede739783405a829e4960961487ee07dedfac38d7d3ea2767960091a1","hashed",""
"107","DOSSIER_SPACE_ROOT\01_RAW_CORPUS\EDRM ENRON pst files enrondata.org\edrm.enron.email.data.set.v2.xml\edrm-enron-v2_merris-s_xml.zip","40959339","2026-08-29T09:07:22.8611644Z","2026-07-04T19:43:39.5972848Z","Archive","84c57a1c972c3fcc9e1137dbfe5c1ed72b16b834b4872cb20089942f9cb0107d","hashed",""
"108","DOSSIER_SPACE_ROOT\01_RAW_CORPUS\EDRM ENRON pst files enrondata.org\edrm.enron.email.data.set.v2.xml\edrm-enron-v2_meyers-a_xml.zip","6074167","2026-08-29T09:07:22.9414623Z","2026-07-04T19:38:07.1467175Z","Archive","6291591c899ae44cb2bf87e340d4daeef12655d560d6697a87cafab4290dbb19","hashed",""
"109","DOSSIER_SPACE_ROOT\01_RAW_CORPUS\EDRM ENRON pst files enrondata.org\edrm.enron.email.data.set.v2.xml\edrm-enron-v2_mims-p_xml.zip","52206651","2026-08-29T09:07:22.9576844Z","2026-07-04T19:19:26.6279448Z","Archive","8d0d13acdbbdcd30bcc29fadcad02d495e8f388ad7ede7dfc005848e6cd98e7b","hashed",""
"110","DOSSIER_SPACE_ROOT\01_RAW_CORPUS\EDRM ENRON pst files enrondata.org\edrm.enron.email.data.set.v2.xml\edrm-enron-v2_motley-m_xml.zip","35230579","2026-08-29T09:07:23.0585972Z","2026-07-04T19:25:37.5860235Z","Archive","2cc8e41b28f5ba69dfffccc5cdee095bbcc96ee4102badc5bd8fc41a1cecb74e","hashed",""
"111","DOSSIER_SPACE_ROOT\01_RAW_CORPUS\EDRM ENRON pst files enrondata.org\edrm.enron.email.data.set.v2.xml\edrm-enron-v2_neal-s_xml.zip","274446191","2026-08-29T09:07:23.1306125Z","2026-07-04T19:38:41.6843325Z","Archive","f5b8d329bbffed9dd85a58c7f45d350ba675cf95e4ef681f9825185ca708c094","hashed",""
"112","DOSSIER_SPACE_ROOT\01_RAW_CORPUS\EDRM ENRON pst files enrondata.org\edrm.enron.email.data.set.v2.xml\edrm-enron-v2_nemec-g_xml.zip","773999335","2026-08-29T09:07:23.6414497Z","2026-07-04T14:13:13.1048539Z","Archive","4a7452edc45c6312a3ab8c244933bd62390d86316df8f543e52f0c5e73c9d1a6","hashed",""
"113","DOSSIER_SPACE_ROOT\01_RAW_CORPUS\EDRM ENRON pst files enrondata.org\edrm.enron.email.data.set.v2.xml\edrm-enron-v2_panus-s_xml.zip","14995333","2026-08-29T09:07:25.0803237Z","2026-07-04T19:42:18.2677850Z","Archive","650031622a9cca1a81c8513f7f6aab0b6b03663db5d29da764a4fcf9edd64cf7","hashed",""
"114","DOSSIER_SPACE_ROOT\01_RAW_CORPUS\EDRM ENRON pst files enrondata.org\edrm.enron.email.data.set.v2.xml\edrm-enron-v2_parks-j_xml.zip","182018165","2026-08-29T09:07:26.4319474Z","2026-07-04T19:35:38.6616889Z","Archive","40e56de9b0cc5a7757264ce9896ea43550f907baf22e3789a68eba39abf47e8f","hashed",""
"115","DOSSIER_SPACE_ROOT\01_RAW_CORPUS\EDRM ENRON pst files enrondata.org\edrm.enron.email.data.set.v2.xml\edrm-enron-v2_pereira-s_xml.zip","5481547","2026-08-29T09:07:26.7746725Z","2026-07-04T14:45:32.6204543Z","Archive","b0c8f13e1ff1fe8a99e322b5c9636578d1712b427722ede93887ef616e8e8fb2","hashed",""
"116","DOSSIER_SPACE_ROOT\01_RAW_CORPUS\EDRM ENRON pst files enrondata.org\edrm.enron.email.data.set.v2.xml\edrm-enron-v2_perlingiere-d_xml.zip","295265067","2026-08-29T09:07:26.7902666Z","2026-07-05T00:43:02.2086175Z","Archive","bda82d98a15870089b5f01316d3b39194558371b375bb2390202c6e88158b42d","hashed",""
"117","DOSSIER_SPACE_ROOT\01_RAW_CORPUS\EDRM ENRON pst files enrondata.org\edrm.enron.email.data.set.v2.xml\edrm-enron-v2_pimenov-v_xml.zip","62814979","2026-08-29T09:07:27.3379070Z","2026-07-04T19:38:23.2604679Z","Archive","c384e9d092ec7c46498310d162c04308ee5339e8629eda9da5bdb15c1dc201ba","hashed",""
"118","DOSSIER_SPACE_ROOT\01_RAW_CORPUS\EDRM ENRON pst files enrondata.org\edrm.enron.email.data.set.v2.xml\edrm-enron-v2_platter-p_xml.zip","41739126","2026-08-29T09:07:29.2350693Z","2026-07-04T19:42:03.2906062Z","Archive","d54b657ee9c950ecf510f48dc96f9d01aba97c43da2499cb7c0d3c3e1ecfb0a6","hashed",""
"119","DOSSIER_SPACE_ROOT\01_RAW_CORPUS\EDRM ENRON pst files enrondata.org\edrm.enron.email.data.set.v2.xml\edrm-enron-v2_presto-k_xml.zip","80846660","2026-08-29T09:09:28.5990239Z","2026-07-04T19:34:46.2759888Z","Archive","fa80567dc36a4852b43a772b655e641a1baaa8e087f5c179e0bfbcc66770da3a","hashed",""
"120","DOSSIER_SPACE_ROOT\01_RAW_CORPUS\EDRM ENRON pst files enrondata.org\edrm.enron.email.data.set.v2.xml\edrm-enron-v2_quenet-j_xml.zip","8375043","2026-08-29T09:09:28.7527490Z","2026-07-04T18:59:35.7907944Z","Archive","5b47098f4e269438e9621c3d4c912255f20a3537a1e8d4057a1f265ad5d19973","hashed",""
"121","DOSSIER_SPACE_ROOT\01_RAW_CORPUS\EDRM ENRON pst files enrondata.org\edrm.enron.email.data.set.v2.xml\edrm-enron-v2_quigley-d_xml.zip","97902947","2026-08-29T09:09:28.7730952Z","2026-07-04T19:14:39.0545249Z","Archive","04ed7ba352dae0b9ca7ea1b3e7f5369e5ca3361c03a086cb2007616e9fed2617","hashed",""
"122","DOSSIER_SPACE_ROOT\01_RAW_CORPUS\EDRM ENRON pst files enrondata.org\edrm.enron.email.data.set.v2.xml\edrm-enron-v2_rapp-b_xml.zip","5228419","2026-08-29T09:09:28.9617353Z","2026-07-04T19:31:55.2194579Z","Archive","d1e3c5244ab009da184800d821f006df657b821938f1dbd02606c90c04816645","hashed",""
"123","DOSSIER_SPACE_ROOT\01_RAW_CORPUS\EDRM ENRON pst files enrondata.org\edrm.enron.email.data.set.v2.xml\edrm-enron-v2_reitmeyer-j_xml.zip","58911830","2026-08-29T09:09:28.9758044Z","2026-07-04T19:19:17.9583407Z","Archive","d38b911b32c01fec066a0f2786fe2c60b2d1337f168ced078af70eb916870440","hashed",""
"124","DOSSIER_SPACE_ROOT\01_RAW_CORPUS\EDRM ENRON pst files enrondata.org\edrm.enron.email.data.set.v2.xml\edrm-enron-v2_richey-c_xml.zip","50119125","2026-08-29T09:09:29.0908624Z","2026-07-05T01:01:02.0026833Z","Archive","4b81e02717fa341737c51584a964caafad0e985e5de5cd412af87a337c0c31b2","hashed",""
"125","DOSSIER_SPACE_ROOT\01_RAW_CORPUS\EDRM ENRON pst files enrondata.org\edrm.enron.email.data.set.v2.xml\edrm-enron-v2_ring-a_xml.zip","195826527","2026-08-29T09:09:29.1880212Z","2026-07-04T15:01:10.0257803Z","Archive","224b4168b9b9a3a996585862d15a49207b8d42799edf75629fc8fbaec81409ca","hashed",""
"126","DOSSIER_SPACE_ROOT\01_RAW_CORPUS\EDRM ENRON pst files enrondata.org\edrm.enron.email.data.set.v2.xml\edrm-enron-v2_ring-r_xml.zip","113417202","2026-08-29T09:09:29.5550855Z","2026-07-04T19:43:35.3814162Z","Archive","f90d365603b98418a84f81881c85a74a18efe3f5173bdf8ddf6ee96b8664e163","hashed",""
"127","DOSSIER_SPACE_ROOT\01_RAW_CORPUS\EDRM ENRON pst files enrondata.org\edrm.enron.email.data.set.v2.xml\edrm-enron-v2_rodrigue-r_xml.zip","433289884","2026-08-29T09:09:29.7669251Z","2026-07-05T01:02:42.9607321Z","Archive","c074166e34e0d07409d23e5a9e3934fd4d01f94feee26cc629eecb8fcd504a8c","hashed",""
"128","DOSSIER_SPACE_ROOT\01_RAW_CORPUS\EDRM ENRON pst files enrondata.org\edrm.enron.email.data.set.v2.xml\edrm-enron-v2_rogers-b_xml.zip","2671419536","2026-08-29T09:09:30.5737298Z","2026-07-05T01:09:19.8707969Z","Archive","336d70534043130a7feae85f5bae96a9bc4a8cd0b068835b38cef36d6632ea23","hashed",""
"129","DOSSIER_SPACE_ROOT\01_RAW_CORPUS\EDRM ENRON pst files enrondata.org\edrm.enron.email.data.set.v2.xml\edrm-enron-v2_ruscitti-k_xml.zip","211794427","2026-08-29T09:11:38.9226984Z","2026-07-04T15:33:06.3579783Z","Archive","aa28095401eff8de6ff6f2c0e57c0ce55945a804b75716da51821cf50152e866","hashed",""
"130","DOSSIER_SPACE_ROOT\01_RAW_CORPUS\EDRM ENRON pst files enrondata.org\edrm.enron.email.data.set.v2.xml\edrm-enron-v2_sager-e_xml.zip","522332025","2026-08-29T09:11:39.3225479Z","2026-07-05T00:21:55.8827029Z","Archive","d497e66eb761b9f134437bc64c5b578273e719453c52cdf31f22ac971d2943a9","hashed",""
"131","DOSSIER_SPACE_ROOT\01_RAW_CORPUS\EDRM ENRON pst files enrondata.org\edrm.enron.email.data.set.v2.xml\edrm-enron-v2_saibi-e_xml.zip","70154461","2026-08-29T09:11:40.2893805Z","2026-07-05T01:06:22.9249959Z","Archive","89e02906d09256cf5bc9965dd1555961147bc0d97ece83ba56b8dd317d5ad2ed","hashed",""
"132","DOSSIER_SPACE_ROOT\01_RAW_CORPUS\EDRM ENRON pst files enrondata.org\edrm.enron.email.data.set.v2.xml\edrm-enron-v2_salisbury-h_xml.zip","55283595","2026-08-29T09:11:40.4239553Z","2026-07-04T19:22:55.3985693Z","Archive","23a8f57d9638578faaca7fc609fc7bcaf9c23d9d625288df6443ba8e7cc81382","hashed",""
"133","DOSSIER_SPACE_ROOT\01_RAW_CORPUS\EDRM ENRON pst files enrondata.org\edrm.enron.email.data.set.v2.xml\edrm-enron-v2_sanchez-m_xml.zip","22612418","2026-08-29T09:11:40.5307089Z","2026-07-04T19:36:25.5949571Z","Archive","8d67e42441c2df508a4befc2b12444630bdb5a51164a2ae74f337ad906f4a082","hashed",""
"134","DOSSIER_SPACE_ROOT\01_RAW_CORPUS\EDRM ENRON pst files enrondata.org\edrm.enron.email.data.set.v2.xml\edrm-enron-v2_sanders-r_xml.zip","750675367","2026-08-29T09:11:40.5769855Z","2026-07-05T01:05:04.9627282Z","Archive","cacaa6216c86187e5f8899c8cac31c3a1c39f32def3f5507fde4085c321f3e22","hashed",""
"135","DOSSIER_SPACE_ROOT\01_RAW_CORPUS\EDRM ENRON pst files enrondata.org\edrm.enron.email.data.set.v2.xml\edrm-enron-v2_scholtes-d_xml.zip","64865879","2026-08-29T09:11:41.9762670Z","2026-07-04T19:41:13.3743018Z","Archive","a26aa8b64a8d528220bdaccfea48564c06b0a7402b5be943439c507fd64c0ab7","hashed",""
"136","DOSSIER_SPACE_ROOT\01_RAW_CORPUS\EDRM ENRON pst files enrondata.org\edrm.enron.email.data.set.v2.xml\edrm-enron-v2_schoolcraft-d_xml.zip","150633409","2026-08-29T09:11:42.1026574Z","2026-07-04T19:43:25.5237506Z","Archive","9cb551a7742db37cb48528efaa566d92a42bec1b32525146e6f2b72915b11206","hashed",""
"137","DOSSIER_SPACE_ROOT\01_RAW_CORPUS\EDRM ENRON pst files enrondata.org\edrm.enron.email.data.set.v2.xml\edrm-enron-v2_schwieger-j_xml.zip","83298000","2026-08-29T09:11:42.3864211Z","2026-07-04T19:36:27.9866403Z","Archive","7d974f6b54dd3974c20e4f4fd4d16bc686ee95f18d706d919dd879111c993cbc","hashed",""
"138","DOSSIER_SPACE_ROOT\01_RAW_CORPUS\EDRM ENRON pst files enrondata.org\edrm.enron.email.data.set.v2.xml\edrm-enron-v2_scott-s_xml.zip","944450358","2026-08-29T09:11:42.5447471Z","2026-07-05T00:59:35.6572328Z","Archive","77c56ff50093837b5d2f95c9cb943ae17902b520b676b21d003ad8a69212dc63","hashed",""
"139","DOSSIER_SPACE_ROOT\01_RAW_CORPUS\EDRM ENRON pst files enrondata.org\edrm.enron.email.data.set.v2.xml\edrm-enron-v2_semperger-c_xml.zip","50087473","2026-08-29T09:11:44.2800894Z","2026-07-04T19:39:14.8067317Z","Archive","68db31a83c7ea6681a657f29f5131aa571a5edd2e49e4da1554c04795f78b850","hashed",""
"140","DOSSIER_SPACE_ROOT\01_RAW_CORPUS\EDRM ENRON pst files enrondata.org\edrm.enron.email.data.set.v2.xml\edrm-enron-v2_shackleton-s_xml.zip","1054290819","2026-08-29T09:11:44.3770145Z","2026-07-05T01:09:12.8483342Z","Archive","a7279bf119501871d11f6b417613e66fec1ad19e4b37aa5550893e7347f0fac6","hashed",""
"141","DOSSIER_SPACE_ROOT\01_RAW_CORPUS\EDRM ENRON pst files enrondata.org\edrm.enron.email.data.set.v2.xml\edrm-enron-v2_shankman-j_xml.zip","385093858","2026-08-29T09:13:48.9979886Z","2026-07-04T19:42:47.4225533Z","Archive","cbe0a0120f456928c1f910d0d749e2814d6bb744ce63d01854e7b46fba846c2f","hashed",""
"142","DOSSIER_SPACE_ROOT\01_RAW_CORPUS\EDRM ENRON pst files enrondata.org\edrm.enron.email.data.set.v2.xml\edrm-enron-v2_shapiro-r_xml.zip","850319663","2026-08-29T09:13:49.7393858Z","2026-07-04T15:33:32.9200197Z","Archive","6d34f5755c4db0c743f44f90e4080815f563055bf077c00411973db8f9025efb","hashed",""
"143","DOSSIER_SPACE_ROOT\01_RAW_CORPUS\EDRM ENRON pst files enrondata.org\edrm.enron.email.data.set.v2.xml\edrm-enron-v2_shively-h_xml.zip","255785148","2026-08-29T09:13:51.3082860Z","2026-07-04T19:42:16.2479198Z","Archive","7a55bc63332897f5d461340974cf8066792047f6391fa692204870509b250e6e","hashed",""
"144","DOSSIER_SPACE_ROOT\01_RAW_CORPUS\EDRM ENRON pst files enrondata.org\edrm.enron.email.data.set.v2.xml\edrm-enron-v2_skilling-j_xml.zip","1358268860","2026-08-29T09:14:53.5286430Z","2026-07-05T01:08:27.5263617Z","Archive","5c8f72dc792c02188300619d8cabf695a40fac000c77096a6d723c904f355739","hashed",""
"145","DOSSIER_SPACE_ROOT\01_RAW_CORPUS\EDRM ENRON pst files enrondata.org\edrm.enron.email.data.set.v2.xml\edrm-enron-v2_slinger-r_xml.zip","9190142","2026-08-29T09:15:51.7128114Z","2026-07-04T17:13:03.4100723Z","Archive","0adea0a41f265581aa95944a1e8bce4ee0ed0b242d011a53db21dba682cb262e","hashed",""
"146","DOSSIER_SPACE_ROOT\01_RAW_CORPUS\EDRM ENRON pst files enrondata.org\edrm.enron.email.data.set.v2.xml\edrm-enron-v2_smith-m_xml.zip","127849156","2026-08-29T09:15:51.7387602Z","2026-07-04T19:43:50.4663061Z","Archive","b5c1a87767f11b5f604cb9e940b6267a015c59a46f2e47b59e0a57c8a18429ae","hashed",""
"147","DOSSIER_SPACE_ROOT\01_RAW_CORPUS\EDRM ENRON pst files enrondata.org\edrm.enron.email.data.set.v2.xml\edrm-enron-v2_solberg-g_xml.zip","41681975","2026-08-29T09:15:51.9821234Z","2026-07-04T19:43:48.4635839Z","Archive","ffb9688e2d11a6a4812913ff028a8ad47467988fa486d8f884b219a87533e7a5","hashed",""
"148","DOSSIER_SPACE_ROOT\01_RAW_CORPUS\EDRM ENRON pst files enrondata.org\edrm.enron.email.data.set.v2.xml\edrm-enron-v2_south-s_xml.zip","5927358","2026-08-29T09:15:52.0658823Z","2026-07-04T15:33:33.3704322Z","Archive","fc12408ac91dca125d6993ea2e2bad19fcbeaaf72c6ed959348ca224a03ff915","hashed",""
"149","DOSSIER_SPACE_ROOT\01_RAW_CORPUS\EDRM ENRON pst files enrondata.org\edrm.enron.email.data.set.v2.xml\edrm-enron-v2_staab-t_xml.zip","46637755","2026-08-29T09:15:52.0813558Z","2026-07-04T19:28:26.4613449Z","Archive","0c573d261e0ecd28934c548a4af05357733f7557309d44a171c8ef580ac74bfd","hashed",""
"150","DOSSIER_SPACE_ROOT\01_RAW_CORPUS\EDRM ENRON pst files enrondata.org\edrm.enron.email.data.set.v2.xml\edrm-enron-v2_stclair-c_xml.zip","80456559","2026-08-29T09:15:52.1723851Z","2026-07-04T19:42:30.9753746Z","Archive","faa40d486cf8a2042ea7e571c125b8d63bc7ec96e29d2cc86cad033d1977af71","hashed",""
"151","DOSSIER_SPACE_ROOT\01_RAW_CORPUS\EDRM ENRON pst files enrondata.org\edrm.enron.email.data.set.v2.xml\edrm-enron-v2_steffes-j_xml.zip","171153858","2026-08-29T09:15:52.3259267Z","2026-07-05T00:41:46.1443333Z","Archive","72348e688595d1fe2d44a04858db0b2bed854edc8c502c3ff9e64eba64248dd7","hashed",""
"152","DOSSIER_SPACE_ROOT\01_RAW_CORPUS\EDRM ENRON pst files enrondata.org\edrm.enron.email.data.set.v2.xml\edrm-enron-v2_stepenovitch-j_xml.zip","50546493","2026-08-29T09:15:52.6450411Z","2026-07-04T19:38:53.0258699Z","Archive","9d47dec09201a711060072d83e5d9639707e32f818cc3e37e3be1c7c977be9ec","hashed",""
"153","DOSSIER_SPACE_ROOT\01_RAW_CORPUS\EDRM ENRON pst files enrondata.org\edrm.enron.email.data.set.v2.xml\edrm-enron-v2_stokley-c_xml.zip","116550201","2026-08-29T09:15:52.7431351Z","2026-07-04T19:38:45.7330988Z","Archive","52d341eb2fa78cf15806504e5207d6890651c73761eeedd754df3eda9a0262f8","hashed",""
"154","DOSSIER_SPACE_ROOT\01_RAW_CORPUS\EDRM ENRON pst files enrondata.org\edrm.enron.email.data.set.v2.xml\edrm-enron-v2_storey-g_xml.zip","91549630","2026-08-29T09:15:52.9621264Z","2026-07-04T19:35:48.6920248Z","Archive","55285cbd47182d18cfd5c92fb27511e55e64dd79515d7fba95407bfec634bcb2","hashed",""
"155","DOSSIER_SPACE_ROOT\01_RAW_CORPUS\EDRM ENRON pst files enrondata.org\edrm.enron.email.data.set.v2.xml\edrm-enron-v2_sturm-f_xml.zip","56717182","2026-08-29T09:15:53.1354562Z","2026-07-04T19:35:17.8436818Z","Archive","3631817948b414be6cda59a329536335657d1741c1cf4e9c86fcace22006055b","hashed",""
"156","DOSSIER_SPACE_ROOT\01_RAW_CORPUS\EDRM ENRON pst files enrondata.org\edrm.enron.email.data.set.v2.xml\edrm-enron-v2_swerzbin-m_xml.zip","147420408","2026-08-29T09:15:53.2469628Z","2026-07-04T19:41:15.7360221Z","Archive","d4c5342a1dcf4b37d13ef0135859f2703b0ebe4c0047a4a72deb164445df594f","hashed",""
"157","DOSSIER_SPACE_ROOT\01_RAW_CORPUS\EDRM ENRON pst files enrondata.org\edrm.enron.email.data.set.v2.xml\edrm-enron-v2_symes-k_xml.zip","758441496","2026-08-29T09:15:53.5223680Z","2026-07-05T01:09:44.2805295Z","Archive","8ff3a51bec971de507eea20601915664376680c7c4bf115b9d96fb94defd8a30","hashed",""
"158","DOSSIER_SPACE_ROOT\01_RAW_CORPUS\EDRM ENRON pst files enrondata.org\edrm.enron.email.data.set.v2.xml\edrm-enron-v2_taylor-m_xml.zip","1326426309","2026-08-29T09:15:54.9234632Z","2026-07-05T01:09:03.0562851Z","Archive","ad9386589a836438ca02f4865696f939a7859e3ccc2599ed6bca1e4be20330d1","hashed",""
"159","DOSSIER_SPACE_ROOT\01_RAW_CORPUS\EDRM ENRON pst files enrondata.org\edrm.enron.email.data.set.v2.xml\edrm-enron-v2_tholt-j_xml.zip","195739043","2026-08-29T09:16:30.8142159Z","2026-07-04T19:41:00.0414119Z","Archive","a994796ce100e635cfa676e63a25be1b19a0367cf91553d6fdfbe37ce4d15b90","hashed",""
"160","DOSSIER_SPACE_ROOT\01_RAW_CORPUS\EDRM ENRON pst files enrondata.org\edrm.enron.email.data.set.v2.xml\edrm-enron-v2_thomas-p_xml.zip","115144311","2026-08-29T09:17:22.2906078Z","2026-07-05T01:03:29.7500614Z","Archive","dcf19730be82b9069acd383c7b4a40dd6c6fa2dc1ad721f042f60c7be1193ac4","hashed",""
"161","DOSSIER_SPACE_ROOT\01_RAW_CORPUS\EDRM ENRON pst files enrondata.org\edrm.enron.email.data.set.v2.xml\edrm-enron-v2_townsend-j_xml.zip","25621445","2026-08-29T09:17:22.5074877Z","2026-07-04T19:42:28.9651491Z","Archive","2d221fcb6a5547413792fa59c851bfd6a964f21cb5ff9bdca129944fa8dc1fe2","hashed",""
"162","DOSSIER_SPACE_ROOT\01_RAW_CORPUS\EDRM ENRON pst files enrondata.org\edrm.enron.email.data.set.v2.xml\edrm-enron-v2_tycholiz-b_xml.zip","98392927","2026-08-29T09:17:22.5616985Z","2026-07-04T19:40:05.6991821Z","Archive","75f5ccd26c08c34a29bb5f01c6464f52b26bcd993324c19e28b0135cbd57e1e4","hashed",""
"163","DOSSIER_SPACE_ROOT\01_RAW_CORPUS\EDRM ENRON pst files enrondata.org\edrm.enron.email.data.set.v2.xml\edrm-enron-v2_ward-k_xml.zip","178544504","2026-08-29T09:17:22.7491694Z","2026-07-05T00:48:24.0388455Z","Archive","e1a6c6f240f04f3bdbca2c0376e490668e38fb90cd4eb08f7036f5856897bb4d","hashed",""
"164","DOSSIER_SPACE_ROOT\01_RAW_CORPUS\EDRM ENRON pst files enrondata.org\edrm.enron.email.data.set.v2.xml\edrm-enron-v2_watson-k_xml.zip","128525372","2026-08-29T09:17:23.0857263Z","2026-07-04T19:43:46.0821700Z","Archive","080f65105951b2ff3fc739627981917273f9d544b2af7f548d05c9394c7c2b91","hashed",""
"165","DOSSIER_SPACE_ROOT\01_RAW_CORPUS\EDRM ENRON pst files enrondata.org\edrm.enron.email.data.set.v2.xml\edrm-enron-v2_weldon-c_xml.zip","83224374","2026-08-29T09:17:23.3299144Z","2026-07-04T19:39:58.5546503Z","Archive","097455884baa79c84b3d56f8f4cdc5f1b70daa02852145c1807b621d1861b744","hashed",""
"166","DOSSIER_SPACE_ROOT\01_RAW_CORPUS\EDRM ENRON pst files enrondata.org\edrm.enron.email.data.set.v2.xml\edrm-enron-v2_whalley-g_xml.zip","1258017528","2026-08-29T09:17:23.4867280Z","2026-07-05T01:08:42.5271130Z","Archive","132102d816f71439bba75469bd9c66a816f82d3e8244cb99ee13f0158729063c","hashed",""
"167","DOSSIER_SPACE_ROOT\01_RAW_CORPUS\EDRM ENRON pst files enrondata.org\edrm.enron.email.data.set.v2.xml\edrm-enron-v2_white-s_xml.zip","222224912","2026-08-29T09:17:25.8097516Z","2026-07-04T19:27:14.1168028Z","Archive","35774b71a8e16b940188e72f94523cfd1d277649f17191c1b5807c4a85042db2","hashed",""
"168","DOSSIER_SPACE_ROOT\01_RAW_CORPUS\EDRM ENRON pst files enrondata.org\edrm.enron.email.data.set.v2.xml\edrm-enron-v2_whitt-m_xml.zip","73392849","2026-08-29T09:19:29.6556782Z","2026-07-04T19:39:05.9013447Z","Archive","cb8e957a2b543ae0b1876d2af72eb79429dc5aef20edaf20ad0415843dc450f4","hashed",""
"169","DOSSIER_SPACE_ROOT\01_RAW_CORPUS\EDRM ENRON pst files enrondata.org\edrm.enron.email.data.set.v2.xml\edrm-enron-v2_williams-b_xml.zip","109276010","2026-08-29T09:19:29.7957531Z","2026-07-04T19:36:44.7584359Z","Archive","029969d0e5278a6910a537286a8159acfed45cf2d701f1bdd26d5a693cb938c6","hashed",""
"170","DOSSIER_SPACE_ROOT\01_RAW_CORPUS\EDRM ENRON pst files enrondata.org\edrm.enron.email.data.set.v2.xml\edrm-enron-v2_williams-j_xml.zip","102706339","2026-08-29T09:19:30.0028668Z","2026-07-05T00:30:27.2545995Z","Archive","045b9a38b08f36fce3374f14719943e658c1212979fecf44cec6ef17c112ddf7","hashed",""
"171","DOSSIER_SPACE_ROOT\01_RAW_CORPUS\EDRM ENRON pst files enrondata.org\edrm.enron.email.data.set.v2.xml\edrm-enron-v2_wolfe-j_xml.zip","176287914","2026-08-29T09:19:30.1966647Z","2026-07-04T19:34:00.7833662Z","Archive","4c5a0dfe38806b658e2acd017938b20ef977741a73edda77e67243a6e8b73937","hashed",""
"172","DOSSIER_SPACE_ROOT\01_RAW_CORPUS\EDRM ENRON pst files enrondata.org\edrm.enron.email.data.set.v2.xml\edrm-enron-v2_ybarbo-p_xml.zip","182089487","2026-08-29T09:19:30.5276143Z","2026-07-04T19:33:54.0908321Z","Archive","3c336eb276fb06e2f821b1a2d73c7671345c6cfe6001105c279f63c202fdfbef","hashed",""
"173","DOSSIER_SPACE_ROOT\01_RAW_CORPUS\EDRM ENRON pst files enrondata.org\edrm.enron.email.data.set.v2.xml\edrm-enron-v2_zipper-a_xml.zip","252927942","2026-08-29T09:19:30.8704817Z","2026-07-04T19:43:58.5116349Z","Archive","30f18999606bea70f32a2b44b0a146af7ff7e7a671c9b9fe67f9e68b6ac59cf0","hashed",""
"174","DOSSIER_SPACE_ROOT\01_RAW_CORPUS\EDRM ENRON pst files enrondata.org\edrm.enron.email.data.set.v2.xml\edrm-enron-v2_zufferli-j_xml.zip","83074905","2026-08-29T09:19:31.3492116Z","2026-07-04T19:38:38.8411256Z","Archive","a47b0831c1bf123e319c2ef624d187ad4da447e90e181e57323f702befc53f1c","hashed",""
"175","DOSSIER_SPACE_ROOT\01_RAW_CORPUS\EDRM ENRON pst files enrondata.org\edrm.enron.email.data.set.v2.xml\edrm.enron.email.data.set.v2.xml_meta.sqlite","9216","2026-08-29T09:19:31.5163090Z","2026-07-04T13:23:37.0445702Z","Archive","bfeac3b87fb9b2e83530a415da14c60611f5180586d36c66d785eb8b14dcff28","hashed",""
"176","DOSSIER_SPACE_ROOT\01_RAW_CORPUS\EDRM ENRON pst files enrondata.org\edrm.enron.email.data.set.v2.xml\edrm.enron.email.data.set.v2.xml_meta.xml","1238","2026-08-29T09:19:31.5201278Z","2026-07-04T13:23:37.0703693Z","Archive","c293302185fc279c99c49b447b5b3fa1f4e35e44838fe090f7d2d47a2449cfad","hashed",""
"177","DOSSIER_SPACE_ROOT\01_RAW_CORPUS\EDRM ENRON pst files enrondata.org\edrm.enron.email.data.set.v2.xml\edrm.enron.email.data.set.v2.xml_torrent.txt","11600","2026-08-29T09:19:31.5304699Z","2026-07-04T13:23:37.0703693Z","Archive","cb6cb079a7793b441521f84c371225d6784dbf462b5f1fe2593ecc6c79121db7","hashed",""
"178","DOSSIER_SPACE_ROOT\01_RAW_CORPUS\EDRM ENRON pst files enrondata.org\edrm.enron.email.data.set.v2.xml\edrm.enron.email.data.set.v2.xml.torrent","388096","2026-08-29T09:19:31.5100099Z","2026-07-04T13:24:01.9465870Z","Archive","77dc9d23e6d9f7eda4f34a5031c952cbde9a97135f647e39d1915cc8f1e678e7","hashed",""
"179","DOSSIER_SPACE_ROOT\01_RAW_CORPUS\EDRM ENRON pst files enrondata.org\edrm.enron.email.data.set.v2.xml\README.txt","1324","2026-08-29T09:19:31.5314727Z","2026-07-04T13:24:41.3904445Z","Archive","5eae5117bd70de4b24a5ccf08c99e0bd7931a464fd1384221b397392b931b359","hashed",""
"180","DOSSIER_SPACE_ROOT\02_CUSTODY\acquisition\DS-20260829-S16_ACL_PROTECTION_RECORD.md","2150","2026-08-31T12:10:00.5900223Z","2026-08-31T12:10:00.5900223Z","Archive","498fa9980d541c8d6a75673e68242505739233fbadcf5dff98ca5259cd9df240","hashed",""
"181","DOSSIER_SPACE_ROOT\02_CUSTODY\acquisition\DS-20260829-S16_ACQUISITION_RECORD.md","7751","2026-08-31T12:58:40.4188277Z","2026-08-31T13:11:44.1220286Z","Archive","a98f02864a10d208862e3c963909b66f3c688611f4f783b14eb580bbd2d7839e","hashed",""
"182","DOSSIER_SPACE_ROOT\02_CUSTODY\acquisition\DS-20260829-S16_ENVIRONMENT_AND_PROTECTION_STATE.md","1809","2026-08-31T11:14:03.9886117Z","2026-08-31T11:14:03.9886117Z","Archive","09ec9434966bedba785bd21b62d60af60709602966d3f6e04f9bb823e4437e3c","hashed",""
"183","DOSSIER_SPACE_ROOT\02_CUSTODY\acquisition\DS-20260829-S16_PRE_PROTECTION_ACL_v2.txt","102734","2026-08-31T12:01:39.7795721Z","2026-08-31T12:01:39.7872848Z","Archive","2bd81e171b14af44613c52b78c2a411d1691856c69925bf571233766436d072c","hashed",""
"184","DOSSIER_SPACE_ROOT\02_CUSTODY\acquisition\DS-20260829-S16_TIME_STATE.md","722","2026-08-31T13:05:57.2415426Z","2026-08-31T13:05:57.2415426Z","Archive","7aebaefa6df1e09a132df8ad4afb2fc58ffc5df22f44d6d80323575d201b6520","hashed",""
"185","DOSSIER_SPACE_ROOT\02_CUSTODY\CUSTODY_BASELINE.md","1329","2026-08-29T08:23:38.2617720Z","2026-08-29T08:23:38.2617720Z","Archive","2de43f8b6c64370f334efdcfa8e5a2b10350ce0fb5ea21bcee5bafbb492c19c2","hashed",""
"186","DOSSIER_SPACE_ROOT\02_CUSTODY\integrity_checks\DS-20260829-S16_BOUNDED_ZIP_CRC_RESULTS.csv","459","2026-08-31T12:56:59.2666447Z","2026-08-31T12:56:59.4633011Z","Archive","3abac1b40f12f0fcaf018977f69de6a26c2c4cda8864f4f734c981f3e7f6da2c","hashed",""
"187","DOSSIER_SPACE_ROOT\02_CUSTODY\integrity_checks\DS-20260829-S16_HASH_RESULTS.csv","40503","2026-08-31T11:07:42.5581531Z","2026-08-31T11:11:04.4144907Z","Archive","8b3ba512eb84f9a7e07c907be3f3e5089740894469bde86782f0357215fd1d0f","hashed",""
"188","DOSSIER_SPACE_ROOT\02_CUSTODY\integrity_checks\DS-20260829-S16_HASH_RESULTS.csv.sha256","100","2026-08-31T11:11:04.4440029Z","2026-08-31T11:11:04.4450111Z","Archive","c27e3446e12525b4ae077162a3b66359c41e7493759ca40009a0768e077d0bc7","hashed",""
"189","DOSSIER_SPACE_ROOT\02_CUSTODY\integrity_checks\DS-20260829-S16_POST_ACL_INTEGRITY_CHECK.csv","49698","2026-08-31T12:03:16.1798207Z","2026-08-31T12:06:48.8574827Z","Archive","8df99314a09d96786b61395057eda7009de24bbf2f247dbd6fee2279596d6de5","hashed",""
"190","DOSSIER_SPACE_ROOT\02_CUSTODY\integrity_checks\DS-20260829-S16_POST_ACL_INTEGRITY_CHECK.csv.sha256","112","2026-08-31T12:06:48.8724520Z","2026-08-31T12:06:48.8734549Z","Archive","8885463ba19027f9526772b2b094a70a0786ca576ad3103999be020031cd0d89","hashed",""
"191","DOSSIER_SPACE_ROOT\02_CUSTODY\integrity_checks\DS-20260829-S16_TECHNICAL_METADATA_AND_ARCHIVE_SUMMARY.json","9501","2026-08-31T12:52:47.8432954Z","2026-08-31T12:52:47.8432954Z","Archive","b65812d770bb45c0a638bdfca12cf423dd7d8129eb9d9ba213745ff5646c8e3b","hashed",""
"192","DOSSIER_SPACE_ROOT\02_CUSTODY\integrity_checks\DS-20260829-S16_V2_TECHNICAL_METADATA_AND_ARCHIVE_SUMMARY.json","9980","2026-08-31T12:54:39.4697024Z","2026-08-31T12:54:39.4697024Z","Archive","a9d6565bae7f50eeaa9213ebcb7b5a4c299ca0ae833536ca9d979f461c28ea82","hashed",""
"193","DOSSIER_SPACE_ROOT\02_CUSTODY\integrity_checks\DS-20260829-S16_V2_ZIP_CENTRAL_DIRECTORY_RESULTS.csv","15344","2026-08-31T12:54:09.5526505Z","2026-08-31T12:54:39.4574166Z","Archive","9575f0872bfbd90bc411e019c85f3aef8ec14367b57b21c5c825cbe35d2c24a9","hashed",""
"194","DOSSIER_SPACE_ROOT\02_CUSTODY\integrity_checks\DS-20260829-S16_ZIP_CENTRAL_DIRECTORY_RESULTS.csv","15345","2026-08-31T12:52:17.3884073Z","2026-08-31T12:52:47.8287695Z","Archive","7de0482fdcd2399295c83565d2569d94e61ca59dcd1ca8d685f32b00a1013871","hashed",""
"195","DOSSIER_SPACE_ROOT\02_CUSTODY\manifests\DS-20260829-S16_CORPUS_MANIFEST.csv","26054","2026-08-31T11:01:57.0220070Z","2026-08-31T11:01:57.0240150Z","Archive","620bfac57a0ff33a384d5b254177cd27eb65a7cfee4a95f9785f5fd8d357301d","hashed",""
"196","DOSSIER_SPACE_ROOT\02_CUSTODY\manifests\DS-20260829-S16_CORPUS_MANIFEST.csv.sha256","103","2026-08-31T11:01:57.0411645Z","2026-08-31T11:01:57.0421695Z","Archive","a8c658fa83a14197b73e5b3829c6f7bddabe01909eaec2cdc18d8dc9e5a53f74","hashed",""
"197","DOSSIER_SPACE_ROOT\02_CUSTODY\migration\DS-20260902-S18_SOURCE_DEVICE_STATE.json","2011","2026-09-02T10:49:19.3750980Z","2026-09-02T10:49:19.3750980Z","Archive","87ff118cc725b2038d52c7c2129628e001c4174e2280b3e5403e6727cb227bc2","hashed",""
"198","DOSSIER_SPACE_ROOT\03_PRIMERS_METHODS\dossier_primers\DOSSIER_PRIMER.md","1191","2026-08-29T09:27:18.8593681Z","2026-08-29T09:27:18.8593681Z","Archive","caaa451b1ab0d8c398c1b25e3b4e7e2d0a4ae68fb15a4d6952512525395714a1","hashed",""
"199","DOSSIER_SPACE_ROOT\03_PRIMERS_METHODS\guidance and background\AI-Assisted Evidence and the Dossier Space Experiment - Society for Computers & Law.pdf","6979458","2026-09-01T08:22:33.7193272Z","2026-04-20T07:45:46.0334913Z","Archive","5b935f6f4fa58ae19549655c10e923ea6163530f8b22445a543508e6388b68b2","hashed",""
"200","DOSSIER_SPACE_ROOT\03_PRIMERS_METHODS\guidance and background\Shaping the Future of Agentic AI in Legal Practice - The Law Society.pdf","1643087","2026-09-01T08:22:27.0547557Z","2026-04-28T09:48:44.7266162Z","Archive","6222aabee5146c1549e2253d9384fe8540e040456483dfb50f5e208f9cc66067","hashed",""
"201","DOSSIER_SPACE_ROOT\03_PRIMERS_METHODS\investigation_plans\DL operating corpus investigation plan.pdf","157258","2026-08-31T14:26:50.9281845Z","2026-08-31T10:25:51.2375548Z","Archive","c098c7ee4642e9d98f16f386a043a9d01147f7179cd7776e36502aedc4a8c22a","hashed",""
"202","DOSSIER_SPACE_ROOT\03_PRIMERS_METHODS\session_primers\Dossier Space Corpus and Analytical Primer.md","15396","2026-08-29T09:38:52.2277331Z","2026-08-29T09:38:59.0323645Z","Archive","29f0af0d4f692601a4815544d3c137156ef2be1a6d407f7663a8a139918aa8e7","hashed",""
"203","DOSSIER_SPACE_ROOT\03_PRIMERS_METHODS\session_primers\Dossier Space Corpus Onboarding Primer.md","16434","2026-08-29T09:23:14.4530450Z","2026-08-29T09:23:32.7892342Z","Archive","11e3da1951a3d6be4b1e032d958bc6ce003aa9bd7fa078bfd8f9e4a80f976523","hashed",""
"204","DOSSIER_SPACE_ROOT\03_PRIMERS_METHODS\standards\ISO_IEC_27037\source\ISO-IEC-27037-2012_SIST_PREVIEW.pdf","782206","2026-08-31T12:20:32.8291656Z","2026-08-31T12:20:49.3141687Z","Archive","9c991348eae3591d4530da77ece4311f7ab337c7f297e59f1bf0e02495e3f1de","hashed",""
"205","DOSSIER_SPACE_ROOT\04_SESSIONS\_TEMPLATE\00_PLAN\EXPECTED.yaml","330","2026-08-29T08:23:41.2482027Z","2026-08-29T08:23:41.2482027Z","Archive","07075b54dd6a87cee36ca153e6515e7ac48b35f13d3b69878ebf29b9ee9c50a6","hashed",""
"206","DOSSIER_SPACE_ROOT\04_SESSIONS\_TEMPLATE\01_ACTUAL\ACTIONS.jsonl","0","2026-08-29T08:23:43.2385894Z","2026-08-29T08:23:43.2385894Z","Archive","e3b0c44298fc1c149afbf4c8996fb92427ae41e4649b934ca495991b7852b855","hashed",""
"207","DOSSIER_SPACE_ROOT\04_SESSIONS\_TEMPLATE\01_ACTUAL\ACTUAL.yaml","336","2026-08-29T08:23:42.2421884Z","2026-08-29T08:23:42.2421884Z","Archive","7ea66ced373d194fa56c157b64979282d58a8eeb249b1f3b1fe4410940db2a8f","hashed",""
"208","DOSSIER_SPACE_ROOT\04_SESSIONS\_TEMPLATE\02_RESULTS\RESULTS_MANIFEST.csv","79","2026-08-29T08:23:44.2304893Z","2026-08-29T08:23:44.2304893Z","Archive","561e57fa4171b3ca89d6e773d1118afde8fdc2aa86c31cf4b858be884e55b9d8","hashed",""
"209","DOSSIER_SPACE_ROOT\04_SESSIONS\_TEMPLATE\03_FINDINGS\FINDING_REFERENCES.csv","83","2026-08-29T08:23:45.2318641Z","2026-08-29T08:23:45.2318641Z","Archive","50dab6bbafa928050e9c3bdb07ef1c5ad90e59e9b4ac5a5b312fd2d424befdf9","hashed",""
"210","DOSSIER_SPACE_ROOT\04_SESSIONS\_TEMPLATE\04_ASSURANCE\REVIEW.md","357","2026-08-29T08:23:46.2197484Z","2026-08-29T08:23:46.2197484Z","Archive","6048b2a06106d05058f15521d0b3afff6838ba1685831288666f274e37b5f671","hashed",""
"211","DOSSIER_SPACE_ROOT\04_SESSIONS\_TEMPLATE\README.md","435","2026-08-29T08:23:40.2472932Z","2026-08-29T08:23:40.2472932Z","Archive","aed31e3dce4a53e34ca1af2fd82386c93108fd27adc63ee42bb907f52f1d8c6f","hashed",""
"212","DOSSIER_SPACE_ROOT\04_SESSIONS\_TEMPLATE\ROMER.md","446","2026-08-29T08:23:47.2245255Z","2026-08-29T08:23:47.2245255Z","Archive","18c4b1255d8cddc8fcf16077d92f735a68ab4aeca206bdec962a6eae91f54b32","hashed",""
"213","DOSSIER_SPACE_ROOT\04_SESSIONS\DS-20260829-S16\00_PLAN\EXPECTED.yaml","10125","2026-08-29T09:30:51.7791239Z","2026-08-31T13:11:46.1931722Z","Archive","16ed5fdb4559cef30babbbbefa51dfd82ebae368f5ee61137aa7803d7537ce71","hashed",""
"214","DOSSIER_SPACE_ROOT\04_SESSIONS\DS-20260829-S16\00_PLAN\ISO_IEC_27037_APPLICATION.md","2078","2026-08-29T09:35:36.7141511Z","2026-08-29T09:35:36.7141511Z","Archive","ef19d61a53a492120cc7fdd37a4e0f13933551f054d68f4b56d34cbe7bb39bfd","hashed",""
"215","DOSSIER_SPACE_ROOT\04_SESSIONS\DS-20260829-S16\00_PLAN\ONBOARDING_EXECUTION_APPROACH.md","5731","2026-08-29T09:38:46.6233210Z","2026-08-29T09:38:46.6233210Z","Archive","8472d1d40043e64cc968216950eb05396d003d7bebdc8afc5008c57ddef94c13","hashed",""
"216","DOSSIER_SPACE_ROOT\04_SESSIONS\DS-20260829-S16\00_PLAN\ONBOARDING_TIME_ESTIMATE.md","2626","2026-08-29T09:40:16.9112217Z","2026-08-31T11:06:57.2900644Z","Archive","385d2156a9e205a70ad0c6a937a2e8f686418f6616b51052ce891a0da7c12c9d","hashed",""
"217","DOSSIER_SPACE_ROOT\04_SESSIONS\DS-20260829-S16\01_ACTUAL\ACTIONS.jsonl","29903","2026-08-29T09:30:54.5278736Z","2026-08-31T13:54:26.1182685Z","Archive","5626527d5747c9c75797574f440f1f4c1e42b6fa5e5c330a16f80adb59cae52c","hashed",""
"218","DOSSIER_SPACE_ROOT\04_SESSIONS\DS-20260829-S16\01_ACTUAL\ISO_IEC_27037_CONFORMANCE_CONFLICT_REGISTER.csv","5318","2026-08-29T09:35:37.7635641Z","2026-08-31T13:11:48.2811645Z","Archive","2db8e066cfdfd19494df82738e5b304bb7d5572b957bd343764111a184735d5e","hashed",""
"219","DOSSIER_SPACE_ROOT\04_SESSIONS\DS-20260829-S16\01_ACTUAL\OBSERVED.yaml","10924","2026-08-29T09:30:53.4936753Z","2026-08-31T13:54:24.0086169Z","Archive","bde861f76d5e425ea5831a99dd3bd4104e41c949483a1c39fc2245e2c9ace6f6","hashed",""
"220","DOSSIER_SPACE_ROOT\04_SESSIONS\DS-20260829-S16\02_RESULTS\RESULTS_MANIFEST.csv","5621","2026-08-29T09:30:56.2501503Z","2026-08-31T13:54:20.8178302Z","Archive","b6261285609f8069fb6a7e212aa3492460bae01ab4c203028eea7f3aacb8877e","hashed",""
"221","DOSSIER_SPACE_ROOT\04_SESSIONS\DS-20260829-S16\03_FINDINGS\FINDING_REFERENCES.csv","83","2026-08-29T09:30:57.9561070Z","2026-08-29T09:30:57.9561070Z","Archive","50dab6bbafa928050e9c3bdb07ef1c5ad90e59e9b4ac5a5b312fd2d424befdf9","hashed",""
"222","DOSSIER_SPACE_ROOT\04_SESSIONS\DS-20260829-S16\04_ASSURANCE\ASSURANCE_INDEPENDENCE_NOTE.md","1450","2026-08-31T13:46:22.7810726Z","2026-08-31T13:46:22.7810726Z","Archive","9b7cbe2ab6b33e0ebec982d024da810eb7774cd43007bd8bfdd9440319e94081","hashed",""
"223","DOSSIER_SPACE_ROOT\04_SESSIONS\DS-20260829-S16\04_ASSURANCE\OPERATOR_AUTHORIZATION.md","1042","2026-08-31T13:38:59.5805398Z","2026-08-31T13:38:59.5815553Z","Archive","521f45c605257a539ddd573ac11468aba30a7b88919dc6bbda909a21260c1baf","hashed",""
"224","DOSSIER_SPACE_ROOT\04_SESSIONS\DS-20260829-S16\04_ASSURANCE\REVIEW.md","8152","2026-08-29T09:30:59.6759276Z","2026-08-31T13:51:58.8068281Z","Archive","1f62dd6e7ffbbc9da4535f21a2c0babcc7d476713a2cd81a25dacfd617f81fb3","hashed",""
"225","DOSSIER_SPACE_ROOT\04_SESSIONS\DS-20260829-S16\README.md","548","2026-08-29T09:30:50.0606727Z","2026-08-31T13:54:25.0636130Z","Archive","b39d7ece3431acd43516f0e752568a43dec7ab1408c5ae7d9e19136a2fd59fb1","hashed",""
"226","DOSSIER_SPACE_ROOT\04_SESSIONS\DS-20260829-S16\ROMER.md","10411","2026-08-29T09:31:00.7063665Z","2026-08-31T13:17:45.5364703Z","Archive","2d23da8069ea9f1d709aa404cd6be7ee0f16f595e567885fa42c87947f8980a1","hashed",""
"227","DOSSIER_SPACE_ROOT\04_SESSIONS\DS-20260829-S16\SUSPENSION.md","1141","2026-08-29T09:43:23.3758558Z","2026-08-29T09:43:23.3758558Z","Archive","bbae06eb186a0ef23a07466f7d70fab6dc2664d888d8691da57d76ef4c1a289c","hashed",""
"228","DOSSIER_SPACE_ROOT\04_SESSIONS\DS-20260901-S17\00_PLAN\EXPECTED.yaml","5352","2026-09-01T08:50:18.4667873Z","2026-09-01T13:05:38.7392998Z","Archive","8902cb5bdfca5468ff53b4f1319bd45df1b76fac1a5c0f4f0f2ef646d3e381c2","hashed",""
"229","DOSSIER_SPACE_ROOT\04_SESSIONS\DS-20260901-S17\00_PLAN\EXTERNAL_WORKING_LOCATION_RECORD.md","1656","2026-09-01T13:05:37.6853189Z","2026-09-01T13:05:37.6853189Z","Archive","a3b89aa816c38a3b6dffc205cd1c43fa5382bbf162e2139edcd0a88a454b53cd","hashed",""
"230","DOSSIER_SPACE_ROOT\04_SESSIONS\DS-20260901-S17\00_PLAN\GUIDANCE_CLASSIFICATION.md","1218","2026-09-01T08:50:19.5917816Z","2026-09-01T08:50:19.5917816Z","Archive","ee24ae7ad8897a00ea644b70b57e253935d5c57ff1c1c6091b2b41e2e9231cda","hashed",""
"231","DOSSIER_SPACE_ROOT\04_SESSIONS\DS-20260901-S17\00_PLAN\METADATA_ONLY_BOUNDARY.md","1759","2026-09-01T12:34:04.0754980Z","2026-09-01T12:34:04.0754980Z","Archive","aef81e0537e75d52005e8fb2284363cb84e8782901cb4749086baf4180a6655b","hashed",""
"232","DOSSIER_SPACE_ROOT\04_SESSIONS\DS-20260901-S17\01_ACTUAL\ACTIONS.jsonl","12871","2026-09-01T08:50:20.6678932Z","2026-09-01T13:33:25.7206431Z","Archive","c536ca513a851a944339fc28864dc9eeb8506bf5a6e4b1bde82dc8560b02a951","hashed",""
"233","DOSSIER_SPACE_ROOT\04_SESSIONS\DS-20260901-S17\01_ACTUAL\ACTUAL.yaml","6906","2026-09-01T08:50:21.7491582Z","2026-09-01T13:33:24.6335774Z","Archive","86ad0ed50db5a14fa49ecb4fa576c4e929d7a2277c691a3761f46980424693a3","hashed",""
"234","DOSSIER_SPACE_ROOT\04_SESSIONS\DS-20260901-S17\02_RESULTS\ENHANCED_CATALOGUE_ASSURANCE_PLAN.md","3832","2026-09-01T12:49:05.4078873Z","2026-09-01T12:49:05.4078873Z","Archive","9b2aa350f0358fb2158b599bee6fa2a1126e2dc10b897b4426f038dfa8fb7cc7","hashed",""
"235","DOSSIER_SPACE_ROOT\04_SESSIONS\DS-20260901-S17\02_RESULTS\ENHANCED_CATALOGUE_GATE_REPORT.md","3635","2026-09-01T12:49:06.4509850Z","2026-09-01T12:49:06.4509850Z","Archive","a476a4d28c845a3254093003fc4820924bb2459254d0978de84aef7b9d1eff46","hashed",""
"236","DOSSIER_SPACE_ROOT\04_SESSIONS\DS-20260901-S17\02_RESULTS\ENHANCED_CATALOGUE_IMPLEMENTATION_TEST.md","2859","2026-09-01T12:49:04.3565073Z","2026-09-01T12:49:04.3565073Z","Archive","892bd2dd7d1e7795e0f73e56fb08862b7795055f24db11eabad47c5ede821dea","hashed",""
"237","DOSSIER_SPACE_ROOT\04_SESSIONS\DS-20260901-S17\02_RESULTS\METADATA_FIELD_CATALOGUE.md","6207","2026-09-01T12:39:53.5919979Z","2026-09-01T12:39:53.5919979Z","Archive","0c5ca098dc9d4ff212aae2eeb20c22c1c18725d490fb5d87e21403d78ff9f81c","hashed",""
"238","DOSSIER_SPACE_ROOT\04_SESSIONS\DS-20260901-S17\02_RESULTS\METADATA_FUNCTION_AND_SCORECARD.md","6517","2026-09-01T12:39:54.6078210Z","2026-09-01T12:39:54.6078210Z","Archive","6a84ba0aa0d1f1604add928501cdfb06246dd4a1763437b2ad7f51c79ba02fc6","hashed",""
"239","DOSSIER_SPACE_ROOT\04_SESSIONS\DS-20260901-S17\02_RESULTS\NON_EXPANSION_METADATA_ASSESSMENT.md","6542","2026-09-01T12:39:52.5712016Z","2026-09-01T12:39:52.5722048Z","Archive","26a8a6ae286c3c8346017cf6aaf5f312636def136567a1fb54ec8dc544560331","hashed",""
"240","DOSSIER_SPACE_ROOT\04_SESSIONS\DS-20260901-S17\02_RESULTS\RESULTS_MANIFEST.csv","4254","2026-09-01T08:50:22.8328414Z","2026-09-01T13:33:40.6969782Z","Archive","7afe1d8b8965a1eb580c9a8cf7f2da29b9cfd658dcc94bdad4e6701a511ad74d","hashed",""
"241","DOSSIER_SPACE_ROOT\04_SESSIONS\DS-20260901-S17\03_FINDINGS\FINDING_REFERENCES.csv","83","2026-09-01T08:50:23.9264556Z","2026-09-01T08:50:23.9264556Z","Archive","50dab6bbafa928050e9c3bdb07ef1c5ad90e59e9b4ac5a5b312fd2d424befdf9","hashed",""
"242","DOSSIER_SPACE_ROOT\04_SESSIONS\DS-20260901-S17\04_ASSURANCE\PRE_PILOT_RAG_REVIEW.md","13221","2026-09-01T13:13:04.8835451Z","2026-09-01T13:13:04.8835451Z","Archive","7f9beb1bb9155d785c6393b632d038052949ab227395c5c869662a427b71dfba","hashed",""
"243","DOSSIER_SPACE_ROOT\04_SESSIONS\DS-20260901-S17\04_ASSURANCE\REVIEW.md","399","2026-09-01T08:50:26.0872692Z","2026-09-01T08:50:26.0887138Z","Archive","0411437a5bbd3adcd48fce6f1c44dedb253e66c4da57562acbcc74cf2693e20e","hashed",""
"244","DOSSIER_SPACE_ROOT\04_SESSIONS\DS-20260901-S17\README.md","776","2026-09-01T08:50:17.3576617Z","2026-09-01T12:34:05.0907327Z","Archive","01f2be80b09a8c4515fea50ff1e75591615961ff8deaf1c2ebfc24a48700e7e8","hashed",""
"245","DOSSIER_SPACE_ROOT\04_SESSIONS\DS-20260901-S17\ROMER.md","370","2026-09-01T08:50:25.0057942Z","2026-09-01T08:50:25.0067954Z","Archive","d4261ba28eaa6b494580522f9fc4374d5d1c65df90c6a1a38d15f72bea2c57fb","hashed",""
"246","DOSSIER_SPACE_ROOT\04_SESSIONS\DS-20260901-S17\SUSPENSION.md","2768","2026-09-01T08:54:34.3263669Z","2026-09-01T13:33:22.5151445Z","Archive","5b5c44886e9a4127b34d5daec686e7d7252773c05ebf0ddaaf01328370c428e7","hashed",""
"247","DOSSIER_SPACE_ROOT\04_SESSIONS\DS-20260902-S18\00_PLAN\EXPECTED.yaml","8585","2026-09-02T10:45:35.7758649Z","2026-09-02T10:45:35.7758649Z","Archive","1e2a37994bfe2e0ba8fc772af286a7f543735461bd8838be42bf30219a96b4ca","hashed",""
"248","DOSSIER_SPACE_ROOT\04_SESSIONS\DS-20260902-S18\01_ACTUAL\ACTIONS.jsonl","2099","2026-09-02T10:45:37.5405006Z","2026-09-02T10:49:20.4284073Z","Archive","","excluded_mutable_session_record",""
"249","DOSSIER_SPACE_ROOT\04_SESSIONS\DS-20260902-S18\01_ACTUAL\ACTUAL.yaml","1209","2026-09-02T10:45:38.6220412Z","2026-09-02T10:49:22.5525744Z","Archive","","excluded_mutable_session_record",""
"250","DOSSIER_SPACE_ROOT\04_SESSIONS\DS-20260902-S18\02_RESULTS\RESULTS_MANIFEST.csv","344","2026-09-02T10:45:40.3997081Z","2026-09-02T10:49:38.4532523Z","Archive","","excluded_mutable_session_record",""
"251","DOSSIER_SPACE_ROOT\04_SESSIONS\DS-20260902-S18\03_FINDINGS\FINDING_REFERENCES.csv","84","2026-09-02T10:45:42.1692628Z","2026-09-02T10:45:42.1692628Z","Archive","2d0832cbcc1082c557af64b12efaf5f75e8b9c3b32b10ffc76e158caa8729ebb","hashed",""
"252","DOSSIER_SPACE_ROOT\04_SESSIONS\DS-20260902-S18\04_ASSURANCE\REVIEW.md","523","2026-09-02T10:45:45.0782753Z","2026-09-02T10:45:45.0782753Z","Archive","","excluded_mutable_session_record",""
"253","DOSSIER_SPACE_ROOT\04_SESSIONS\DS-20260902-S18\README.md","706","2026-09-02T10:45:33.9923431Z","2026-09-02T10:45:33.9933602Z","Archive","2c40a946d9ad9813dc889480f360e1ce2a94ded20469a9c205dddb43442c7a01","hashed",""
"254","DOSSIER_SPACE_ROOT\04_SESSIONS\DS-20260902-S18\ROMER.md","477","2026-09-02T10:45:43.2355275Z","2026-09-02T10:45:43.2355275Z","Archive","","excluded_mutable_session_record",""
"255","DOSSIER_SPACE_ROOT\05_WORKING\DS-20260829-S16\EN_ISO_IEC_27037_2016_SIST_PREVIEW.pdf","782206","2026-08-31T12:20:49.9842109Z","2026-08-31T12:20:50.8375461Z","Archive","9c991348eae3591d4530da77ece4311f7ab337c7f297e59f1bf0e02495e3f1de","hashed",""
"256","DOSSIER_SPACE_ROOT\05_WORKING\DS-20260829-S16\tmp\pdfs\iso27037_preview\page-01.png","79187","2026-08-31T12:34:01.3922782Z","2026-08-31T12:34:01.4695723Z","Archive","dee86e3fbe76b617c9e30377fbd6cff9e9582d008b798c42fc00c031fd3c5a7f","hashed",""
"257","DOSSIER_SPACE_ROOT\05_WORKING\DS-20260829-S16\tmp\pdfs\iso27037_preview\page-02.png","59599","2026-08-31T12:34:01.4755778Z","2026-08-31T12:34:01.5326294Z","Archive","873862f4cf5ed587450e4332cbef01be1c83c092a29f725be4b34c39187c1d51","hashed",""
"258","DOSSIER_SPACE_ROOT\05_WORKING\DS-20260829-S16\tmp\pdfs\iso27037_preview\page-03.png","175738","2026-08-31T12:34:01.5440491Z","2026-08-31T12:34:01.6709474Z","Archive","d03e42d7c5772127969462b1b66649ed44eefa6b48b01e30b4023b42920cdad8","hashed",""
"259","DOSSIER_SPACE_ROOT\05_WORKING\DS-20260829-S16\tmp\pdfs\iso27037_preview\page-04.png","62114","2026-08-31T12:34:01.6769911Z","2026-08-31T12:34:01.7399463Z","Archive","f0771183c8d2e50bf25994f6314732f7612e1ea50b6a3c04059a0263ad4f5bb1","hashed",""
"260","DOSSIER_SPACE_ROOT\05_WORKING\DS-20260829-S16\tmp\pdfs\iso27037_preview\page-05.png","130723","2026-08-31T12:34:01.7480212Z","2026-08-31T12:34:01.8423454Z","Archive","5c21eed2598312d3a1adb5faa812dd9b4c3a7791270decddebef48289f719d7c","hashed",""
"261","DOSSIER_SPACE_ROOT\05_WORKING\DS-20260829-S16\tmp\pdfs\iso27037_preview\page-06.png","304503","2026-08-31T12:34:01.8533556Z","2026-08-31T12:34:02.0405254Z","Archive","5fad48f7f82b2c6c6920417ccedf4121a6e575f8cbf48d6e89eb80f84f9e55d0","hashed",""
"262","DOSSIER_SPACE_ROOT\05_WORKING\DS-20260829-S16\tmp\pdfs\iso27037_preview\page-07.png","62797","2026-08-31T12:34:02.0455301Z","2026-08-31T12:34:02.1049099Z","Archive","dfe4a0a1c5d72b485a735261554470d252bb0104ce532df78341fd0156c6937f","hashed",""
"263","DOSSIER_SPACE_ROOT\05_WORKING\DS-20260829-S16\tmp\pdfs\iso27037_preview\page-08.png","20907","2026-08-31T12:34:02.1089137Z","2026-08-31T12:34:02.1459471Z","Archive","07188716c340554a67b9025ac8cabafd4c6ee42a6514588018d6a796f2fd6e64","hashed",""
"264","DOSSIER_SPACE_ROOT\05_WORKING\DS-20260829-S16\tmp\pdfs\iso27037_preview\page-09.png","194030","2026-08-31T12:34:02.1565592Z","2026-08-31T12:34:02.2921683Z","Archive","236ec2ebba4cfcf78b096df939c888fe5d7112544336585658ebdf065be96963","hashed",""
"265","DOSSIER_SPACE_ROOT\05_WORKING\DS-20260829-S16\tmp\pdfs\iso27037_preview\page-10.png","181999","2026-08-31T12:34:02.3005219Z","2026-08-31T12:34:02.4250297Z","Archive","083987acf3f6eb96f1147d5ec90dbdca08f994cb62f5076b8dea08496bb0ac6a","hashed",""
"266","DOSSIER_SPACE_ROOT\05_WORKING\DS-20260829-S16\tmp\pdfs\iso27037_preview\page-11.png","153611","2026-08-31T12:34:02.4334762Z","2026-08-31T12:34:02.5490628Z","Archive","f0b555ab06961d1aff4cc1223de4f6b8a1d3d37eb0d82ca6351ce593cd7a2b69","hashed",""
"267","DOSSIER_SPACE_ROOT\05_WORKING\DS-20260829-S16\tmp\pdfs\iso27037_preview\page-12.png","158343","2026-08-31T12:34:02.5572365Z","2026-08-31T12:34:02.6681128Z","Archive","94f961d92b278cb0e27df15f9875af7b83cca75b5fe57034d26d780eddd13a22","hashed",""
"268","DOSSIER_SPACE_ROOT\05_WORKING\DS-20260829-S16\tmp\pdfs\iso27037_preview\page-13.png","113108","2026-08-31T12:34:02.6741339Z","2026-08-31T12:34:02.7631745Z","Archive","aff6d15bb75da064361e4a17347b914e78ca1d97d10f88ab8d679d77652e98cb","hashed",""
"269","DOSSIER_SPACE_ROOT\06_LOGS\LOGGING_DESIGN.md","729","2026-08-29T08:23:48.2296923Z","2026-08-29T08:23:48.2296923Z","Archive","91a3120c8e49df9fd698ccf27b688a211d3024ceefb61ef31b326c6e975cd125","hashed",""
"270","DOSSIER_SPACE_ROOT\06_LOGS\sessions\DS-20260829-S16_SESSION_LOG.docx","56689","2026-09-02T10:39:18.1927999Z","2026-09-02T10:39:18.2078047Z","Archive","425b14ad60dcfcf44bf6aa6082ff644af89ba2a28fb3d74ef31fc96013ed9c2c","hashed",""
"271","DOSSIER_SPACE_ROOT\06_LOGS\sessions\DS-20260829-S16.jsonl","31508","2026-08-29T09:31:01.7515532Z","2026-08-31T13:54:27.2115741Z","Archive","e7500433d4604c1ca7873bbe3354e0ec4f1b8724ca44b2ade857eec5cd63c741","hashed",""
"272","DOSSIER_SPACE_ROOT\06_LOGS\sessions\DS-20260901-S17.jsonl","13744","2026-09-01T08:50:28.2420534Z","2026-09-01T13:33:26.7980787Z","Archive","7a9c27f0e498e11a27eff0f46bea9e13ab5905ea94ffa3e66cb344c20a48d0a6","hashed",""
"273","DOSSIER_SPACE_ROOT\06_LOGS\sessions\DS-20260902-S18.jsonl","2309","2026-09-02T10:45:46.2149954Z","2026-09-02T10:49:21.4920771Z","Archive","","excluded_mutable_session_record",""
"274","DOSSIER_SPACE_ROOT\11_ASSURANCE\conformance\ISO_IEC_27037\DS-20260829-S16_PREVIEW_COMPARISON_REPORT.md","18713","2026-08-31T12:39:11.0228407Z","2026-08-31T13:13:00.3688722Z","Archive","16e618bd5e77193eb7c4c6bb266ce6261d67fc6215c6673d4f963138a127bbd8","hashed",""
"275","DOSSIER_SPACE_ROOT\11_ASSURANCE\ENRON_ENVIRONMENT_VALIDATION_PLAN.md","1495","2026-08-29T08:24:01.1891227Z","2026-08-29T08:24:01.1891227Z","Archive","8cc33e7931bbc47b782845aea12d0b0287145fe1bf2a2a7db48cf052f72827be","hashed",""
"276","DOSSIER_SPACE_ROOT\12_TOOLS\bootstrap\BOOTSTRAP.md","513","2026-08-29T08:23:59.1895170Z","2026-08-29T08:23:59.1895170Z","Archive","64e6b8b290fef28aa454671124bdea9a5b5debdff0bf20ff32d2869c71088fe9","hashed",""
"277","DOSSIER_SPACE_ROOT\12_TOOLS\bootstrap\bootstrap.ps1","638","2026-08-29T08:24:00.1874645Z","2026-08-29T08:24:00.1874645Z","Archive","087c9cc06cbd10f29e5d1a25a412ed68432c2bf19663e37f0119da8f260f38cb","hashed",""
"278","DOSSIER_SPACE_ROOT\12_TOOLS\metadata\catalogue_zip_central_directory.py","13290","2026-09-01T12:47:03.9211661Z","2026-09-01T12:47:03.9211661Z","Archive","e0978a14e0fea3c90df327b0e083fc11830fae62bfb5b42a47916b0f0b7b9210","hashed",""
"279","DOSSIER_SPACE_ROOT\12_TOOLS\metadata\test_catalogue_zip_central_directory.py","6386","2026-09-01T12:47:04.9570487Z","2026-09-01T12:47:44.9356697Z","Archive","486f7b8c533a39eeb6ead9fc44c4dd3e827a3f4b081b122a60b4dbb9ef25fe2a","hashed",""
"280","DOSSIER_SPACE_ROOT\12_TOOLS\onboarding\__pycache__\bounded_zip_crc_test.cpython-312.pyc","4173","2026-08-31T12:56:59.1924258Z","2026-08-31T12:56:59.1924258Z","Archive","e5599def777885ba8c46f262dbe0093fac226ff251c17f6c83c8b0abd7b6b061","hashed",""
"281","DOSSIER_SPACE_ROOT\12_TOOLS\onboarding\__pycache__\validate_enron_archives.cpython-312.pyc","21545","2026-08-31T12:54:09.4360143Z","2026-08-31T12:54:09.4360143Z","Archive","c4b94ca3fe64273824e0d49fb4e2e6a5db32174eeb2775c6feabc5717be6ed8d","hashed",""
"282","DOSSIER_SPACE_ROOT\12_TOOLS\onboarding\bounded_zip_crc_test.py","2741","2026-08-31T12:56:39.9759847Z","2026-08-31T12:56:39.9771962Z","Archive","611d5aa93a54653e57eba2dbdb7c683387cc8ce44a6c6b7228cc121ad342fe4a","hashed",""
"283","DOSSIER_SPACE_ROOT\12_TOOLS\onboarding\validate_enron_archives.py","14537","2026-08-31T12:51:56.7355134Z","2026-08-31T12:53:53.0626011Z","Archive","c050c65cef79479bab6eaa7e34cd5f151307194e610b2684449c13dc7f4542ad","hashed",""
"284","DOSSIER_SPACE_ROOT\13_METHOD_LIBRARY\ahp_anp\METHOD.md","476","2026-08-29T08:23:54.2385723Z","2026-08-29T08:23:54.2395731Z","Archive","dce9ba816ec6cc09ad000b1173b1fa2807b4525ee325c0e95f73720888ae4d8e","hashed",""
"285","DOSSIER_SPACE_ROOT\13_METHOD_LIBRARY\classification_clustering\METHOD.md","524","2026-08-29T08:23:58.1982909Z","2026-08-29T08:23:58.1982909Z","Archive","f60dcbebf9517178b6a929ce5631bba21e54c720a56ff493b023de836f699e04","hashed",""
"286","DOSSIER_SPACE_ROOT\13_METHOD_LIBRARY\diplomatics\METHOD.md","491","2026-08-29T08:23:53.2390036Z","2026-08-29T08:23:53.2390036Z","Archive","d1118765230a208300672357833f4a4d0c157acb4a18802d4e86e11fd5597ba7","hashed",""
"287","DOSSIER_SPACE_ROOT\13_METHOD_LIBRARY\direct_native\METHOD.md","487","2026-08-29T08:23:50.2450000Z","2026-08-29T08:23:50.2450000Z","Archive","159b83932cbef6e4e9cbf224a87cfff3266e882a48eac48fc84d41ab6c0aca83","hashed",""
"288","DOSSIER_SPACE_ROOT\13_METHOD_LIBRARY\entity_network\METHOD.md","502","2026-08-29T08:23:56.2210098Z","2026-08-29T08:23:56.2210098Z","Archive","b3a7c427c06c40602b704f9b31d67ff38717503c36ddd0af74c4cbede9a8c5b7","hashed",""
"289","DOSSIER_SPACE_ROOT\13_METHOD_LIBRARY\full_text_regex_metadata\METHOD.md","486","2026-08-29T08:23:51.2451414Z","2026-08-29T08:23:51.2451414Z","Archive","f1d36344e3d6ecbc551b9109d6664a020b862737761f722ffc775a7ea8811449","hashed",""
"290","DOSSIER_SPACE_ROOT\13_METHOD_LIBRARY\METHOD_CARD_TEMPLATE.md","236","2026-08-29T08:23:49.2425845Z","2026-08-29T08:23:49.2425845Z","Archive","2cf83c49de3e4eb6549b8c419ec4f2999f2af36bf48bc10fff6cd9c63ee67eba","hashed",""
"291","DOSSIER_SPACE_ROOT\13_METHOD_LIBRARY\rag_embeddings\METHOD.md","604","2026-08-29T08:23:52.2447193Z","2026-08-29T08:23:52.2447193Z","Archive","7db760d3c6a44d164c3b91a469ebdc4ab22eac4b5c131de43b96e286716a60b0","hashed",""
"292","DOSSIER_SPACE_ROOT\13_METHOD_LIBRARY\statistics_anomaly\METHOD.md","493","2026-08-29T08:23:57.2054768Z","2026-08-29T08:23:57.2054768Z","Archive","799a2bea63156507d825175cffc3835d0d17f7e83cf571320552422fcfa09536","hashed",""
"293","DOSSIER_SPACE_ROOT\13_METHOD_LIBRARY\timeline\METHOD.md","488","2026-08-29T08:23:55.2312722Z","2026-08-29T08:23:55.2312722Z","Archive","0b9ea0ef3f2fb6b08826a89ad8323ca609dba281fc7fcba63a22fe9d0a60a1f7","hashed",""
"294","DOSSIER_SPACE_ROOT\CHANGELOG.md","298","2026-08-29T08:23:32.3054475Z","2026-08-29T08:23:32.3054475Z","Archive","52b17771b988d33ae89825ca56b4579d4089b8174179be916d749f54bacf94a2","hashed",""
"295","DOSSIER_SPACE_ROOT\DIRECTIVE.md","1087","2026-08-29T08:23:29.3219946Z","2026-08-29T08:23:29.3219946Z","Archive","8abc7c9ef048313cbd3a28b16f35a347656f0e91fa4d1d8ca7f2a24b18f33240","hashed",""
"296","DOSSIER_SPACE_ROOT\DOSSIER.yaml","1122","2026-08-29T08:23:30.3110310Z","2026-09-01T13:05:34.5346851Z","Archive","469bd4e705a7f78c21729a728c2e3f8bbd0618a6cd7c6bfd0ecf1c41659bcc86","hashed",""
"297","DOSSIER_SPACE_ROOT\FINDINGS_REGISTER.csv","87","2026-08-29T08:23:35.2699423Z","2026-08-29T08:23:35.2709451Z","Archive","4add53581ed73a12c232405dbc61dfd734bd35772c4a4088c855c099d93f83db","hashed",""
"298","DOSSIER_SPACE_ROOT\KNOWN_LIMITATIONS.md","1447","2026-08-29T08:23:33.2920872Z","2026-08-31T13:11:45.1581530Z","Archive","73aca2090c58e3e8935fc8923693efa8329b609b10d21fb56600fc13dbb6d049","hashed",""
"299","DOSSIER_SPACE_ROOT\METHOD_REGISTER.yaml","631","2026-08-29T08:23:36.2627891Z","2026-08-29T08:23:36.2627891Z","Archive","24aae8717278698bde80c123111e72a8eead19bc87ef9dfa32908610db5f9667","hashed",""
"300","DOSSIER_SPACE_ROOT\README.md","1564","2026-08-29T08:23:28.2944461Z","2026-08-31T11:00:54.2369279Z","Archive","67b7b3c39eb3f04a3ecc76f6f373e20925a7bd970891dd05eefae56163c2eb33","hashed",""
"301","DOSSIER_SPACE_ROOT\ROLES.md","829","2026-08-29T08:23:31.3044264Z","2026-08-29T08:23:31.3044264Z","Archive","63d4d51f0e843cd3e1ac32ea8dad22ed01a13bd3d0dc20be48a11a3c65a8fd64","hashed",""
"302","DOSSIER_SPACE_ROOT\SESSION_REGISTER.csv","676","2026-08-29T08:23:34.2815605Z","2026-09-02T10:45:32.2368054Z","Archive","a0d63ce9f405388259dfac6b97ac7a8b1f778ce9ec896ca97eee4bff5926bfeb","hashed",""
"303","DOSSIER_SPACE_ROOT\WORKING_LOCATIONS_REGISTER.yaml","1252","2026-09-01T13:05:35.5778161Z","2026-09-01T13:05:35.5778161Z","Archive","63e1da5fe9e2d47b837bebdc881045e2ea5644145a5cea457c6ec17452ffd446","hashed",""
"304","s18_pre_migration_baseline.ps1","5746","2026-09-02T10:52:08.6447238Z","2026-09-02T10:52:08.6447238Z","Archive","9757cc52db0f0dd93ea41c026765d53ba7bc33a5cdd53cd7ea1e7f8a936d6720","hashed",""
